{"type":"FeatureCollection","crs":{"type":"name","properties":{"name":"EPSG:4326"}},"features":[{"type":"Feature","geometry":{"type":"Polygon","coordinates":[[[-122.441281927096,37.7914947879927],[-122.440709005862,37.7886208288517],[-122.440616261996,37.7881555530329],[-122.440004073605,37.7851373391104],[-122.44000000244,37.7851187163801],[-122.439584636724,37.7832189339836],[-122.439569513586,37.7831432220819],[-122.439598919937,37.783137384706],[-122.439599481384,37.7831372739506],[-122.440036076087,37.7830816548536],[-122.44439588852,37.7825233962602],[-122.446751080752,37.7822177054213],[-122.44452394516,37.7825002368319],[-122.444237117581,37.7825366202763],[-122.442856438431,37.7827126799413],[-122.442541641806,37.7827528204639],[-122.441125787323,37.7829400694871],[-122.440709246611,37.782995154792],[-122.439598149182,37.7831281117829],[-122.439598090792,37.7831282147286],[-122.439530273378,37.7827860266518],[-122.439477454236,37.7825364051536],[-122.439439866927,37.7823500312204],[-122.439298365202,37.7816484135319],[-122.439249567818,37.7814064581813],[-122.439100840044,37.7806689903352],[-122.439063323703,37.7804829581713],[-122.438931891194,37.7798312366339],[-122.438912430092,37.7797347359266],[-122.438874862546,37.77954848699],[-122.438725046015,37.7788057188284],[-122.438687184721,37.7786180084728],[-122.438536540841,37.7778711171006],[-122.438500008155,37.7776899877021],[-122.438346707956,37.7769299109288],[-122.438310809481,37.7767519232445],[-122.438159694884,37.7760026613697],[-122.43812423838,37.775826858378],[-122.437972000889,37.7750720089924],[-122.437929265336,37.7750774863009],[-122.436997532723,37.770422900103],[-122.436795984909,37.7704481708688],[-122.435347650939,37.7706287840216],[-122.432052471475,37.7710396362577],[-122.427116211023,37.7716682497564],[-122.42688867405,37.7716972210348],[-122.426853626279,37.7715123386386],[-122.426850998707,37.7715126759276],[-122.426697234978,37.7707730281093],[-122.426695425771,37.7707732553378],[-122.42620978485,37.7708343854618],[-122.425285044724,37.7709507809468],[-122.425285245048,37.7709518056029],[-122.425294909124,37.7710010707383],[-122.425428891052,37.7716841349654],[-122.42547060522,37.7718763996184],[-122.425470683374,37.7718767660189],[-122.423827686279,37.772092765189],[-122.423774431454,37.7718350971812],[-122.423774234723,37.7718341456755],[-122.423915699617,37.7717220496953],[-122.424335198482,37.7713896392094],[-122.424708558975,37.7710969004536],[-122.424940188673,37.7709152872205],[-122.425025274401,37.7708485744489],[-122.425233655699,37.7706821572427],[-122.426415745189,37.7697491669969],[-122.426696669039,37.7695386102955],[-122.426717125475,37.7695088868842],[-122.427524657915,37.768870043685],[-122.427582910068,37.7688239555725],[-122.427733754272,37.7687046587851],[-122.42883831466,37.7678295941584],[-122.429122054729,37.7676031949072],[-122.429599086196,37.7672268803082],[-122.430925126218,37.7661810312449],[-122.430953027891,37.7661705887357],[-122.431200510158,37.7660779645732],[-122.431279790974,37.7659006246837],[-122.431283480355,37.7658923743247],[-122.432997788412,37.7645417316929],[-122.433000325254,37.7645398426967],[-122.433265656148,37.7643422882289],[-122.433456443941,37.7641839727124],[-122.433548693735,37.7641061470744],[-122.433550582892,37.7641045527807],[-122.434964809627,37.7629858706435],[-122.435047539973,37.7629201556012],[-122.435098736757,37.7629026202174],[-122.435216210345,37.7628623865376],[-122.435345410541,37.7628260317595],[-122.435351470576,37.7628243266524],[-122.435552501859,37.7627378362661],[-122.435791668421,37.7626344281767],[-122.436042201368,37.7625262710476],[-122.436042393607,37.7625260963462],[-122.436051786392,37.762517323637],[-122.436368329342,37.762221821281],[-122.43637157765,37.7622205046235],[-122.436421394622,37.7622003151634],[-122.436482952575,37.7621793210733],[-122.43653100885,37.7621650757397],[-122.436532769548,37.7621645537634],[-122.436542682457,37.7621616150727],[-122.436613920656,37.7621445887023],[-122.436900120312,37.7620927518139],[-122.437213797636,37.7620350325264],[-122.437319699126,37.7620182575282],[-122.437432312829,37.7620001637344],[-122.438285081731,37.7618521272459],[-122.438387221976,37.7618345908987],[-122.438489921871,37.7618174806525],[-122.43849259885,37.7618170232998],[-122.438604050133,37.7617980097797],[-122.438718611382,37.7617741876567],[-122.438810566528,37.7617542125477],[-122.43889681288,37.7617321892862],[-122.438930114326,37.7617236856394],[-122.43898967263,37.7617084765091],[-122.43910969384,37.7616737041471],[-122.439130586857,37.7616670611562],[-122.43918882823,37.7616483195953],[-122.439338347419,37.7615976129611],[-122.43943971601,37.7615609749107],[-122.439539733536,37.7615250100907],[-122.439636355429,37.7614847564868],[-122.439716239913,37.7614491318054],[-122.439860442872,37.7613805029525],[-122.439946452069,37.7613352865343],[-122.439990529705,37.7613121140769],[-122.440089347081,37.7612616160053],[-122.44015458633,37.7612286863523],[-122.440188989111,37.7612113217211],[-122.440201430778,37.7612103757601],[-122.440553786863,37.7611835955434],[-122.440815844296,37.7611833270948],[-122.440919570965,37.7611832191473],[-122.440953750065,37.761182825707],[-122.441007367809,37.7611822085595],[-122.441028775561,37.7611821581366],[-122.441806212642,37.7611803450441],[-122.442261726763,37.7611795730771],[-122.442369336849,37.7611800801465],[-122.442397935615,37.7611770902836],[-122.44251644496,37.7611647047219],[-122.442661806746,37.761118434262],[-122.442837643878,37.761043047716],[-122.443057766157,37.7609154249668],[-122.443519459789,37.7606471014382],[-122.443799861718,37.7604666116263],[-122.444044126221,37.7603093822162],[-122.444248617814,37.7601780751517],[-122.444401443701,37.7600797655015],[-122.444578735206,37.759964979248],[-122.444639303215,37.7599256906579],[-122.444733690999,37.7598644620322],[-122.444805204082,37.7598181176089],[-122.444827581116,37.7598036161505],[-122.44486911113,37.7597701326068],[-122.444898504904,37.7597433660724],[-122.444931237717,37.7597082902435],[-122.444958815097,37.7596748194401],[-122.444977777635,37.759646703499],[-122.444996397016,37.7596159882292],[-122.445001427581,37.7596049659831],[-122.445012389723,37.7595809450089],[-122.445029258287,37.7595439842404],[-122.445039405657,37.7595136254468],[-122.445045332741,37.7594889943834],[-122.445048536133,37.7594756810211],[-122.445070623011,37.7594127084863],[-122.445079340262,37.7593878558074],[-122.445087769155,37.7593440578586],[-122.445090293421,37.7593282175822],[-122.44509150435,37.7593206220037],[-122.445093878597,37.7593057291281],[-122.445098696262,37.7592493932655],[-122.445099991633,37.7592048438429],[-122.445098609125,37.7591781388915],[-122.44509853726,37.7591767390864],[-122.445097778184,37.759162091201],[-122.445093633357,37.7591187178187],[-122.445074529784,37.7590241374513],[-122.445059985161,37.7589733494755],[-122.445052201259,37.7589530163784],[-122.445048594524,37.7589435969609],[-122.445036127704,37.7589110306102],[-122.445021925339,37.7588804187245],[-122.44499342449,37.7588273295898],[-122.444989022745,37.7588191338376],[-122.444986441886,37.7588143243369],[-122.444972455117,37.7587936936205],[-122.444935945787,37.7587398459251],[-122.444932083031,37.7587341493735],[-122.444914120319,37.758712413556],[-122.444883317088,37.7586751434142],[-122.444878423964,37.7586692224328],[-122.444877211239,37.7586063344362],[-122.44468635697,37.7584668512841],[-122.444685393976,37.7584661488892],[-122.44468520533,37.7584657085607],[-122.444603659862,37.758276586517],[-122.44457088932,37.7582682167025],[-122.444421654897,37.7582398481025],[-122.444289271072,37.7582146818271],[-122.44412140559,37.7581343769555],[-122.444008847583,37.7580805294904],[-122.443706836679,37.7579455665582],[-122.443700093026,37.7579425524173],[-122.443699890905,37.7579424032727],[-122.443693473341,37.7579376349073],[-122.443463328559,37.7577666660054],[-122.443444644499,37.7577459376975],[-122.443267842576,37.7575498004305],[-122.443208081254,37.7574926038686],[-122.443098034936,37.7573881266711],[-122.443051317152,37.7573437728581],[-122.443024014655,37.7573103627738],[-122.443008466614,37.757291193978],[-122.442888704119,37.7571435330047],[-122.442851516561,37.7571011080035],[-122.442767970545,37.757005791398],[-122.442718583865,37.7569513706725],[-122.442668343787,37.7568792589772],[-122.44266169805,37.7568697199783],[-122.442638384972,37.7568374083948],[-122.442596893586,37.7567918617866],[-122.442564836306,37.7567604379486],[-122.442540369791,37.7567388549595],[-122.442539627783,37.7567382001331],[-122.442537968594,37.7567368713043],[-122.442502396208,37.756708372146],[-122.44246238794,37.7566806528031],[-122.442391373422,37.7566390641813],[-122.442325375096,37.7566074840289],[-122.44229324685,37.7565849152024],[-122.442285907614,37.7565797596767],[-122.442276548067,37.7565727994678],[-122.442247008766,37.7565508321918],[-122.4414781479,37.7563294680213],[-122.441469906756,37.7563270944401],[-122.441464871699,37.7563298011182],[-122.441434332572,37.7563219573623],[-122.441398816779,37.7563075205595],[-122.441372551837,37.7562907847455],[-122.441368878626,37.7562842421236],[-122.441334622271,37.7562065836003],[-122.441289469351,37.756102878027],[-122.441289240281,37.7561023517466],[-122.441290453905,37.756096991641],[-122.441338246973,37.7558859862679],[-122.441347973931,37.7558631615377],[-122.441462474095,37.7555944617248],[-122.441482977243,37.7555745708856],[-122.441523058275,37.7555338509701],[-122.44158433236,37.7554536767129],[-122.441606181185,37.7554163573435],[-122.44162190799,37.7553860529648],[-122.441637516218,37.7553512201016],[-122.441650164497,37.7553181067071],[-122.441649965071,37.7553104794664],[-122.441652662712,37.7552987513127],[-122.441653843099,37.7552946390365],[-122.441655139368,37.755290126186],[-122.441660012728,37.7552812226451],[-122.441672261257,37.7552658381818],[-122.441672516378,37.7552655178645],[-122.441724535122,37.7551759575107],[-122.441762398212,37.7551078526766],[-122.441779237132,37.7550741922884],[-122.441784599176,37.7550615990251],[-122.441785033961,37.7550605798308],[-122.441812060675,37.7549971085001],[-122.44185634672,37.7548620071275],[-122.441899053527,37.7547317181157],[-122.441908428345,37.7547032544074],[-122.441924389611,37.7546779342265],[-122.441940568269,37.7546397010921],[-122.441956167514,37.7546091847424],[-122.441962884218,37.7545960466425],[-122.44197228329,37.7545776591227],[-122.44199782958,37.7545324094262],[-122.4420261328,37.7544892613182],[-122.442090220409,37.7544018854526],[-122.442430802276,37.7539544253953],[-122.442449428843,37.753930761263],[-122.442471495958,37.7539027262382],[-122.442484310426,37.7538830657759],[-122.442522496012,37.7538244771266],[-122.442555229723,37.7537742530728],[-122.4425630801,37.7537643471833],[-122.442574456365,37.7537515214444],[-122.442621026826,37.7536603817852],[-122.442634625522,37.7536291590395],[-122.442656194971,37.753558222418],[-122.442664704711,37.7535161142652],[-122.442699442563,37.7533812459933],[-122.442740633014,37.7532213281145],[-122.442777629231,37.7531080753215],[-122.442780897302,37.7530980720374],[-122.44278582007,37.7530830017648],[-122.442798091955,37.7530584765198],[-122.442821405033,37.753019702041],[-122.44285166119,37.75298567776],[-122.442878002489,37.7529560570765],[-122.442898873946,37.7529273369913],[-122.442924243268,37.7528868592383],[-122.442946418181,37.7528390423338],[-122.442960643902,37.7527948619384],[-122.442975076235,37.7527405673833],[-122.442982531354,37.7525778219802],[-122.442979496845,37.7525306583191],[-122.442971702163,37.7524852432996],[-122.442964858797,37.7524563568297],[-122.442964612659,37.7524553155812],[-122.443001946642,37.7523637822586],[-122.443044718128,37.7520963198091],[-122.443147241953,37.7516728693583],[-122.443177139682,37.751549380573],[-122.44352627351,37.7501073206447],[-122.443609980325,37.7496910370176],[-122.443677212936,37.7495375769605],[-122.443682631574,37.7495259210519],[-122.443688678134,37.7495129205565],[-122.443773308417,37.7493309240359],[-122.443890551138,37.7491716018656],[-122.443935125542,37.749111027757],[-122.444129405985,37.7488464814051],[-122.444131740707,37.7488433155998],[-122.444210027986,37.7487371335419],[-122.444238562971,37.7487009337707],[-122.444248685187,37.748688090107],[-122.444282770862,37.7486365002082],[-122.44430230383,37.7486025555965],[-122.444327153027,37.7485522285558],[-122.444351951919,37.7484915729656],[-122.444366281844,37.7484424540758],[-122.444367306822,37.7484379919492],[-122.444367778438,37.748435937041],[-122.444380300953,37.7483814183829],[-122.444388866389,37.7483071184095],[-122.444390645952,37.7482603533487],[-122.444389109832,37.7482246107811],[-122.444385685455,37.7481855624324],[-122.444385155449,37.7481819370308],[-122.444385089872,37.7481814888277],[-122.444378735189,37.7481379868352],[-122.444322345244,37.747888067947],[-122.444308896566,37.7478270452928],[-122.444300877305,37.7477906568443],[-122.444286650686,37.7476945575572],[-122.444284427356,37.7476554890401],[-122.444286173681,37.7476304228698],[-122.44428988013,37.7475941770973],[-122.444289941215,37.7475935754633],[-122.444290717359,37.7475859964379],[-122.444299117506,37.7475512820764],[-122.444318564235,37.747491110099],[-122.444340003427,37.7474476077006],[-122.444358034412,37.7474158247374],[-122.444380012594,37.7473855831411],[-122.444382747065,37.7473818220304],[-122.444392237766,37.7473687622023],[-122.444433676152,37.747322772922],[-122.444481224878,37.7472807365141],[-122.444540497517,37.7472392221639],[-122.444543238277,37.7472376601812],[-122.444544311764,37.7472370478896],[-122.444593936497,37.7472087624286],[-122.444607386073,37.7472018737904],[-122.444664987846,37.747176840141],[-122.444711427153,37.7471612899096],[-122.444735152558,37.7471546882345],[-122.444746164107,37.7471516232216],[-122.444760618898,37.747147601413],[-122.444881538423,37.7471077668862],[-122.44498922307,37.7470923821441],[-122.445436602946,37.7470284650022],[-122.445440245614,37.7470279443398],[-122.445442790542,37.747027557217],[-122.445748259061,37.7469810982048],[-122.446285769604,37.7469023282134],[-122.446613398663,37.7468543937907],[-122.449440496575,37.7462064680498],[-122.449519401895,37.7461831125621],[-122.449600890769,37.746162053549],[-122.449668643505,37.7461465670337],[-122.449838955099,37.7461142649738],[-122.450324834972,37.7460616276805],[-122.450506406949,37.7460378225104],[-122.450663121643,37.7460135122902],[-122.450876574829,37.7459869275949],[-122.450954969008,37.7459773445721],[-122.45123703821,37.745942865995],[-122.451651457102,37.7457420305748],[-122.451656006171,37.7457398257123],[-122.451672241423,37.7457332097038],[-122.451732914535,37.7457112157688],[-122.451755511656,37.7457030242463],[-122.451772680258,37.7456968010469],[-122.451828094633,37.7456761723554],[-122.452006166773,37.7455840218935],[-122.452197584286,37.745472793223],[-122.452199690835,37.7454715700313],[-122.452202819667,37.7454700669688],[-122.452302731191,37.7454220875778],[-122.452387844768,37.7453789171094],[-122.452425588383,37.74535824713],[-122.452540008597,37.7452935428612],[-122.453287850681,37.7448474164348],[-122.45344384313,37.7447543578384],[-122.453477830889,37.7447344413542],[-122.453494089498,37.7447272669293],[-122.453615493215,37.7446736938425],[-122.453728659381,37.7446253786547],[-122.453774119524,37.744594223841],[-122.45385182739,37.7445410235869],[-122.453868619597,37.7445295281388],[-122.453952656992,37.7444719940443],[-122.454069526014,37.7443885388055],[-122.454220990954,37.7442767812635],[-122.45439521022,37.7441444633377],[-122.454420442998,37.7441245495309],[-122.45442162069,37.7441236211101],[-122.454624220431,37.7439637365004],[-122.45469764962,37.7439025784858],[-122.454794675756,37.7438222630528],[-122.454897409787,37.7437293523406],[-122.455024236633,37.7436086476575],[-122.455196489487,37.7434341308259],[-122.455304731988,37.7433138625283],[-122.455336738961,37.7432782980014],[-122.455414203383,37.7431915844442],[-122.455464434479,37.7431339569636],[-122.455482748432,37.7431137289081],[-122.455531073303,37.7430603542632],[-122.455531987788,37.74305716761],[-122.455532330945,37.7430559720822],[-122.455536083208,37.743042897994],[-122.4556509948,37.7428532343058],[-122.455732399233,37.7427172462547],[-122.455795316337,37.7426077493945],[-122.455841116044,37.7425320278768],[-122.455913172608,37.742408557225],[-122.456026636116,37.7422119005163],[-122.456050909493,37.7421750823785],[-122.456088279409,37.7421243481905],[-122.456124966606,37.7420796407009],[-122.456164578716,37.7420342150052],[-122.456238050127,37.7419645075669],[-122.456275420941,37.7419298104589],[-122.456321578177,37.7418932969279],[-122.456376365528,37.7418489558479],[-122.456536559397,37.7417117249387],[-122.456888152813,37.7415214042992],[-122.45706523501,37.7414242512059],[-122.457189211502,37.7413553743278],[-122.457389910408,37.7412444646531],[-122.457582452611,37.7411433792788],[-122.457698754796,37.7410866559305],[-122.457903371255,37.7409967282007],[-122.457964132402,37.7409716647479],[-122.458140690882,37.7409025814397],[-122.458267006587,37.740858720691],[-122.458382547899,37.7408210529801],[-122.458520735739,37.740780670189],[-122.458591756545,37.7407617833929],[-122.45883389743,37.740706977772],[-122.45892100347,37.7406918318071],[-122.459030543137,37.7406739245997],[-122.459052956104,37.7406702604697],[-122.45919342297,37.7406525571357],[-122.459591108943,37.7404658709188],[-122.459645222557,37.7404196649454],[-122.459820458716,37.7402700338023],[-122.459895569552,37.7402058983641],[-122.459895994455,37.7402058067248],[-122.459924014706,37.7401997457408],[-122.459959463125,37.740190623007],[-122.459962876723,37.7401897456844],[-122.459974279039,37.7401859813665],[-122.459980190852,37.7401840292347],[-122.459991653355,37.7401802464466],[-122.459998948573,37.7401772727842],[-122.460023114153,37.7401674204844],[-122.460024119368,37.7401670105935],[-122.460024804782,37.7401666795551],[-122.460058576047,37.7401503641891],[-122.460065659263,37.7401469429842],[-122.460073946221,37.7401419219963],[-122.460095088072,37.7401291166287],[-122.460102511749,37.7401246142194],[-122.46011091459,37.7401185248134],[-122.460122326788,37.740110253109],[-122.46013505322,37.740100509489],[-122.4601441819,37.7400935186042],[-122.460164731761,37.7400751360053],[-122.460171736823,37.7400672606903],[-122.460187783429,37.7400492169381],[-122.460190064252,37.7400466524516],[-122.46019237921,37.7400436056144],[-122.460204617858,37.7400274983638],[-122.460207547264,37.7400236431085],[-122.46021019909,37.7400194795461],[-122.460220828855,37.7400027933269],[-122.460224109503,37.7399976430393],[-122.460238543633,37.7399706761273],[-122.460241016695,37.7399634657214],[-122.460245574746,37.7399501793923],[-122.460251092199,37.7399360562271],[-122.460259405208,37.7399067670428],[-122.460260714952,37.7399021530895],[-122.460266194675,37.7398706574338],[-122.460266269236,37.7398546368127],[-122.460266347389,37.7398378937255],[-122.460264600166,37.7398102142378],[-122.460262980503,37.7397957443773],[-122.460262398395,37.7397905400859],[-122.460260725732,37.7397830497701],[-122.460257540306,37.7397688001242],[-122.46025667433,37.7397649107568],[-122.460255705946,37.7397618326509],[-122.460248885038,37.7397401544844],[-122.460246112837,37.7397313435539],[-122.460243455621,37.7397259005679],[-122.460224319708,37.7396867042369],[-122.460205208051,37.739647556902],[-122.460171876062,37.7395792814907],[-122.460160942667,37.7395544534069],[-122.460158419299,37.7395487205693],[-122.460156875994,37.7395458981943],[-122.460139411846,37.739513956973],[-122.460135199646,37.7395019812314],[-122.460127250454,37.7394793944007],[-122.460127186673,37.7394792011748],[-122.460126677329,37.7394777541113],[-122.460126167086,37.7394755170947],[-122.460122868472,37.7394610919233],[-122.46012097123,37.7394527917299],[-122.460120664006,37.7394467271323],[-122.460119350669,37.7394208000307],[-122.460119213227,37.7394180756847],[-122.460119492603,37.7394156667519],[-122.46012288554,37.7393863993839],[-122.460123326613,37.7393825945328],[-122.460123968908,37.7393810991609],[-122.460132714906,37.7393607486031],[-122.460134027344,37.7393576939233],[-122.460135337088,37.739355593298],[-122.460148960938,37.7393337253382],[-122.460156504091,37.7393218710444],[-122.460159059798,37.7393178559142],[-122.460161374756,37.7393154796561],[-122.460177952267,37.739298471471],[-122.460179849509,37.7392965249991],[-122.460186232937,37.7392920402989],[-122.460198060156,37.7392837400865],[-122.460198950386,37.7392831149421],[-122.460212168198,37.7392738748808],[-122.46022258057,37.7392692630192],[-122.460232544683,37.7392648493566],[-122.460267725405,37.7392501406979],[-122.460275818327,37.7392467563917],[-122.460287078709,37.7392443765794],[-122.460319252769,37.7392375752884],[-122.46032727742,37.7392358781623],[-122.460334178278,37.7392355158625],[-122.46037678627,37.7392332788385],[-122.460383151732,37.739232944244],[-122.460417712616,37.7392353766257],[-122.46043918325,37.739239607009],[-122.460458311077,37.7392433870037],[-122.460588983612,37.7392643634487],[-122.460612938087,37.7392682087982],[-122.460642735205,37.7392719596654],[-122.46082745937,37.739295208644],[-122.460828628078,37.7392953564054],[-122.460832416274,37.7392955212162],[-122.460882346434,37.7392976985654],[-122.460895174376,37.7392982569329],[-122.46091821257,37.7392977610799],[-122.460964129057,37.7392967750568],[-122.460999381644,37.739293516492],[-122.461014749124,37.7392915387627],[-122.461046413839,37.7392874632476],[-122.461053047897,37.7392866093572],[-122.46108864903,37.7392806719061],[-122.46113718231,37.7392705090459],[-122.461149169429,37.7392669563779],[-122.46117718429,37.7392586511899],[-122.46118852552,37.7392552889063],[-122.461199421186,37.7392512496193],[-122.461237246548,37.7392372257756],[-122.461252684096,37.7392315028589],[-122.461272713832,37.7392223281472],[-122.461292004255,37.7392134930017],[-122.461303394892,37.7392082758823],[-122.461309263586,37.7392050641995],[-122.461354404827,37.7391803652817],[-122.461363433794,37.7391755097497],[-122.461375558356,37.739168988347],[-122.461395020356,37.7391557551547],[-122.4614077944,37.7391470698942],[-122.461416902418,37.739140823411],[-122.461419777027,37.7391388520711],[-122.461435886515,37.7391275596668],[-122.461463075824,37.7391057250281],[-122.46149427611,37.7390764745869],[-122.461521691795,37.7390472866489],[-122.461546593094,37.7390184744977],[-122.461553472393,37.7390061932065],[-122.461567656791,37.7389877215383],[-122.461581793579,37.7389654371787],[-122.461601525074,37.7389320330042],[-122.461619049408,37.7388946584163],[-122.461632385797,37.7388580204898],[-122.461637344498,37.7388396525023],[-122.461642349012,37.7388211047802],[-122.461645422149,37.7388100289982],[-122.461654147485,37.7387580997483],[-122.461655527297,37.7387401210334],[-122.461657276317,37.7387172895937],[-122.461655790504,37.7386768893159],[-122.461651306114,37.7386345354226],[-122.461630638574,37.738523125813],[-122.461579696013,37.7382485206948],[-122.461552777995,37.7381053107556],[-122.461386268071,37.7371839972755],[-122.461302493882,37.73672312986],[-122.461301539871,37.7367179068817],[-122.461278491796,37.7365911159878],[-122.461253774651,37.7364515444481],[-122.461237045325,37.7363596148089],[-122.461230117518,37.7363203080014],[-122.461204076256,37.7361858147518],[-122.461202837479,37.7361794444054],[-122.461193551594,37.7361461888727],[-122.461184505559,37.7361062496764],[-122.461177027085,37.7360779763014],[-122.461160418133,37.7360224596319],[-122.461139059789,37.7359623457721],[-122.46112740325,37.7359313372115],[-122.461126713344,37.7359295021875],[-122.461117343017,37.7359045755517],[-122.4611046615,37.735876425003],[-122.46106595579,37.7357905048447],[-122.460989595397,37.7355271804143],[-122.46065583354,37.735233725707],[-122.460489775468,37.7350690641336],[-122.460476565742,37.7350559666114],[-122.460320899381,37.7349351397992],[-122.46025238757,37.7348819624412],[-122.460234733878,37.7348665545553],[-122.460151872377,37.7347927837868],[-122.460097641982,37.7347445026442],[-122.460051651833,37.7347035581362],[-122.459856546736,37.7345153721035],[-122.459769527833,37.73442063383],[-122.459743761456,37.7343925807576],[-122.45971449075,37.7343607133298],[-122.459616247398,37.7342480362582],[-122.459537720269,37.7341498385072],[-122.459499369393,37.7340983684857],[-122.45946292025,37.734049451045],[-122.459399041948,37.7339637184546],[-122.459340917356,37.7338811635775],[-122.459318507983,37.733845716715],[-122.459291778612,37.733803433944],[-122.459192106938,37.7336457677884],[-122.45909944931,37.7334819353274],[-122.459040427301,37.7333653181939],[-122.458988406761,37.7332589405816],[-122.458940546319,37.7331508243448],[-122.458900114945,37.7330532752015],[-122.458843130315,37.7329022125268],[-122.458753490127,37.7326133810056],[-122.458702199918,37.7323910635519],[-122.458694566035,37.732351465481],[-122.458688583255,37.732320433384],[-122.458666305036,37.7322048659009],[-122.458653882234,37.7321219239934],[-122.458640246706,37.7320035491682],[-122.458634398674,37.7318933977553],[-122.458630550291,37.7317952402197],[-122.458623670094,37.731693791684],[-122.45862124105,37.7316016245259],[-122.458623803943,37.7315073691934],[-122.45862986308,37.7314180671161],[-122.45863672531,37.7313751897186],[-122.458639434629,37.7313628247452],[-122.458640269164,37.7313590159295],[-122.458643484234,37.7313443412235],[-122.458652239215,37.7313094508638],[-122.458664244301,37.7312701626892],[-122.458683719776,37.7312270756178],[-122.458691733647,37.7312119092412],[-122.458726685298,37.7311495215258],[-122.458760709887,37.7310998447761],[-122.458796110696,37.7310544883633],[-122.458843126721,37.7310029252499],[-122.458862495297,37.7309870959579],[-122.458867199774,37.7309832501783],[-122.458874421331,37.7309773490058],[-122.458901336654,37.7309611992858],[-122.458922148822,37.7309528349075],[-122.458922356333,37.7309527567556],[-122.458945475375,37.7309440946888],[-122.459102514361,37.7308531557145],[-122.459173327657,37.7308121486645],[-122.459175761193,37.7308107397971],[-122.459211612956,37.7307685185251],[-122.459336986329,37.7306208692821],[-122.459346832762,37.7306151897487],[-122.459368317769,37.7306027983609],[-122.459387577649,37.7305933007349],[-122.459436031877,37.7305644312975],[-122.45945886256,37.7305485528891],[-122.459488986665,37.7305308101899],[-122.459536056589,37.7304972871126],[-122.459589221582,37.7304556439894],[-122.459611827686,37.7304340895627],[-122.459615328421,37.7304307531659],[-122.459641723619,37.7304077443865],[-122.459657835802,37.7303936989743],[-122.459679214808,37.7303749679647],[-122.459715975666,37.7303345553193],[-122.459746538148,37.730300957553],[-122.459770273435,37.7302748631281],[-122.459817567039,37.7302139751537],[-122.459858045126,37.7301538338426],[-122.459886940335,37.7301042139738],[-122.459887466748,37.7301032754305],[-122.4598914382,37.7300962004755],[-122.459908313053,37.7300661351069],[-122.459927454355,37.7300263944072],[-122.45995275271,37.7299648355347],[-122.459974694959,37.7299036666652],[-122.459997161824,37.7298304621796],[-122.460003079027,37.7298097722279],[-122.460007762843,37.7297933970304],[-122.460031437044,37.7297106229378],[-122.460051714715,37.72963411309],[-122.460070464351,37.7295476066427],[-122.460078407255,37.7295054251482],[-122.460080370074,37.72949500304],[-122.460089650569,37.7294457244733],[-122.4601009918,37.7293653549891],[-122.46011012587,37.7292970494913],[-122.460116046666,37.7292344761463],[-122.46011625238,37.7292312597679],[-122.460116312567,37.729230320503],[-122.460123493699,37.7291180896267],[-122.460126013474,37.7290382007883],[-122.46012505048,37.7289857644994],[-122.46012376499,37.728937009936],[-122.460122029445,37.7288712234453],[-122.460119203345,37.7288148303092],[-122.46010090646,37.7287169450745],[-122.46009307854,37.7286750707504],[-122.460089237344,37.7286260516788],[-122.460087708412,37.7286065280214],[-122.46008245686,37.7285694146565],[-122.460073748592,37.7285078709141],[-122.460064095296,37.7284448883675],[-122.460023550734,37.7282153766894],[-122.460009101333,37.728114053981],[-122.460001304854,37.728041686826],[-122.459996954313,37.7280043422656],[-122.459986953369,37.7278962638286],[-122.459983873945,37.7278592311049],[-122.459979978849,37.7278464733478],[-122.459970693863,37.7276553099326],[-122.459971209496,37.7275139523928],[-122.459992774452,37.7271405324112],[-122.460011350714,37.726994087353],[-122.460029401461,37.726884481976],[-122.46004234888,37.726808228545],[-122.46006093143,37.7267040881521],[-122.460063759326,37.7266811371873],[-122.460075397899,37.72658669299],[-122.46007618662,37.7265659801061],[-122.460076585472,37.7265555469265],[-122.460079728677,37.7264731607082],[-122.460080703349,37.7264475978205],[-122.460068162868,37.7263123633328],[-122.460065594584,37.7263009652369],[-122.460052397434,37.7262423860159],[-122.460044745585,37.7262083913456],[-122.460040377078,37.7261889828652],[-122.460037309331,37.7261785936846],[-122.46002789319,37.7261466999851],[-122.459969441611,37.725950655178],[-122.459951411525,37.7258557006062],[-122.459949149567,37.725713167271],[-122.459941677381,37.7255423029742],[-122.459949498114,37.7254245421821],[-122.460046943762,37.7248316228654],[-122.459766584952,37.7247683991646],[-122.459193027711,37.7246390547626],[-122.458678027152,37.7245331442243],[-122.458678077458,37.7245357049848],[-122.458678417021,37.7245527890354],[-122.458452912935,37.7245048081665],[-122.458203245066,37.7244530252008],[-122.457989692167,37.7244091440491],[-122.457860424598,37.7243825515952],[-122.457738536689,37.7243574775442],[-122.457733874432,37.724337359465],[-122.457417697995,37.7242725139005],[-122.457246095521,37.7242314051526],[-122.456583567338,37.7240996596187],[-122.456507613882,37.7240773395144],[-122.456438726575,37.7240569534865],[-122.456420178161,37.7240514652948],[-122.456032123924,37.7239699900434],[-122.455129043078,37.7237840277235],[-122.454095016609,37.7235684836514],[-122.453122100732,37.7233619735214],[-122.452630431217,37.7232629811559],[-122.452347022626,37.7232059186786],[-122.451990856786,37.7231387280314],[-122.451891785186,37.7230644737759],[-122.451765706636,37.7229699766495],[-122.451482097721,37.7227577641089],[-122.451472061743,37.7227502543062],[-122.450159961778,37.722223275148],[-122.449975894281,37.7221483634212],[-122.44921991885,37.721843267903],[-122.448559249281,37.7215793574009],[-122.448520309111,37.721563801082],[-122.448418045797,37.7214067561896],[-122.448225438915,37.7213332569481],[-122.448129640777,37.7212945433011],[-122.4482481618,37.7201583214749],[-122.448266747943,37.7199801417688],[-122.448303154865,37.7197085226615],[-122.448406141323,37.7189401992454],[-122.44845805676,37.7184415427394],[-122.448460960115,37.7184136605511],[-122.448463373888,37.7183980452989],[-122.448578298955,37.7176544186612],[-122.448637389236,37.7174149833993],[-122.448726304483,37.7170367855593],[-122.448843468153,37.7167986814001],[-122.449033432191,37.7164126253227],[-122.449084478957,37.7163313157689],[-122.449181635348,37.716176558617],[-122.449531470761,37.7156860186619],[-122.449708331972,37.7155037236609],[-122.449875076357,37.7153318558671],[-122.450097170438,37.7151101388886],[-122.450190456887,37.7150229354104],[-122.450295940661,37.7149335836102],[-122.450377388213,37.7148621508414],[-122.450540232112,37.7147173386897],[-122.450928380672,37.714379956354],[-122.45156397377,37.7138535273766],[-122.451796009506,37.7136374825462],[-122.452066623392,37.7133974366544],[-122.452173793304,37.7133025349228],[-122.452205527189,37.713274434055],[-122.452253808941,37.7132301767478],[-122.452317997161,37.7131713363334],[-122.452411330323,37.7130860770237],[-122.452557479931,37.7129590601906],[-122.452828804385,37.7127462554298],[-122.453037506381,37.7125889310376],[-122.453069101927,37.712565112973],[-122.453163272318,37.7124860235266],[-122.453757224011,37.7119871850024],[-122.454011934123,37.7118263398361],[-122.454393601338,37.711585322294],[-122.454946085,37.7112549320972],[-122.455162142403,37.7111559398983],[-122.455538620948,37.7109959300884],[-122.456064777685,37.7108163731092],[-122.456263539823,37.7106314132103],[-122.456410344303,37.7104948017115],[-122.456598916851,37.7103323841485],[-122.456605007429,37.7103136530402],[-122.456706105627,37.7100027971104],[-122.45675103307,37.7099579046397],[-122.45702583041,37.7099220440863],[-122.457039702195,37.7099202332913],[-122.457473466306,37.7095110159486],[-122.457541070819,37.7094487684353],[-122.457608519924,37.7093866658482],[-122.458056186363,37.7089668826901],[-122.458120135631,37.7089074227284],[-122.458150814895,37.7088788966268],[-122.458637716152,37.708422766757],[-122.45863713045,37.7084225471545],[-122.458835912351,37.7084500926836],[-122.459075528072,37.7082241343292],[-122.459307165854,37.7082194508864],[-122.459452595912,37.7082166159464],[-122.45968840637,37.7082115849759],[-122.459744136053,37.708210381068],[-122.459861980645,37.708205512845],[-122.460041966197,37.7081980868499],[-122.460267163958,37.7082002928304],[-122.460576886898,37.70820288969],[-122.460829096999,37.7082051980096],[-122.461098735314,37.708207629989],[-122.461238736853,37.7082037766305],[-122.461404345767,37.7081996347318],[-122.461515371248,37.7082005543641],[-122.461964366295,37.708204704791],[-122.462106925338,37.7081987307347],[-122.462249305615,37.7081926209362],[-122.462459632664,37.7081925768734],[-122.462548322434,37.7081923458992],[-122.462614722306,37.7081926237789],[-122.462686510274,37.7081923956475],[-122.462753075437,37.7081923942261],[-122.462887464301,37.7081937544861],[-122.463268691342,37.7081986141816],[-122.463476308174,37.7082015216126],[-122.46378415094,37.7082055263481],[-122.464180363676,37.7082102716218],[-122.464711484503,37.7082163643624],[-122.464909469598,37.7082174922264],[-122.464997471258,37.7082175462388],[-122.465173458409,37.7082171027687],[-122.465782960838,37.7082152372089],[-122.466638218972,37.7082128407642],[-122.467387762465,37.7082112843543],[-122.468041357801,37.7082096405296],[-122.468183542246,37.7082093413293],[-122.468647033407,37.7082081018868],[-122.468797022415,37.7082077458314],[-122.469013820927,37.7082072305815],[-122.469136143621,37.7082069853936],[-122.469511307033,37.7082065277096],[-122.469961552535,37.7082052278585],[-122.470281453388,37.7082038903408],[-122.470834008017,37.7082021825539],[-122.470839727591,37.7082021647866],[-122.471138784833,37.7082033900154],[-122.471340932722,37.7082037446495],[-122.471744015773,37.7082047502752],[-122.472169768709,37.7082063429304],[-122.472720293146,37.7082080606669],[-122.472932530911,37.7082078289821],[-122.473020158872,37.7082069143247],[-122.473250479725,37.7082051319154],[-122.473562342452,37.7082029529414],[-122.473826816353,37.7082011506327],[-122.474429625435,37.7081965851628],[-122.474820753706,37.708193626562],[-122.475337325418,37.7081898094479],[-122.475547963285,37.7081883539554],[-122.475755289062,37.7081868138909],[-122.476147918419,37.7081878408375],[-122.477645085705,37.7081924766661],[-122.477948656084,37.7081937857564],[-122.478431047799,37.7081947821433],[-122.47901485841,37.7081966029301],[-122.479353933802,37.7081954736443],[-122.479691785689,37.7081942249626],[-122.479997766248,37.7081936500147],[-122.480058224663,37.7081933259402],[-122.480254939541,37.7081925114899],[-122.480316802921,37.708192577584],[-122.480428659344,37.7081919436489],[-122.480820706591,37.7081907496903],[-122.482037109928,37.7081874528009],[-122.482507397742,37.7081861827984],[-122.482989262145,37.7081812548759],[-122.483526701722,37.7081758045961],[-122.484288001467,37.7081681028503],[-122.484867587302,37.7081617983202],[-122.485369139183,37.7081566671388],[-122.485734996049,37.7081535450776],[-122.485871425886,37.7081530447518],[-122.48623977378,37.7081518173901],[-122.486439802543,37.708151074719],[-122.486872618931,37.7081495879555],[-122.487392033812,37.7081478851421],[-122.488165492255,37.7081452143688],[-122.48891194195,37.7081425791299],[-122.48962772945,37.7081401805507],[-122.490249598985,37.7081381181279],[-122.490913980393,37.7081357508189],[-122.491770551864,37.7081327588132],[-122.49236071087,37.7081308058365],[-122.492435974419,37.7081302252026],[-122.49252867876,37.7081301797184],[-122.492644895605,37.7081297369584],[-122.492900861562,37.7081290056582],[-122.49302788514,37.7081286559985],[-122.493275653071,37.7081276468184],[-122.493531784318,37.7081266340848],[-122.493707950234,37.7081262822931],[-122.493868777416,37.7081257755709],[-122.494341138542,37.7081238687889],[-122.495070510365,37.7081212072537],[-122.495560660829,37.7081198256716],[-122.4963548461,37.7081167505146],[-122.496608375826,37.7081161897798],[-122.497602418282,37.7081124870829],[-122.498220630775,37.7081104445586],[-122.498418563768,37.708109578227],[-122.498429889728,37.7081095434032],[-122.498429072261,37.7081148344933],[-122.498394896754,37.7083182345121],[-122.498357783756,37.7085267047206],[-122.498351214377,37.7085964059703],[-122.498326078617,37.7088631016942],[-122.498312938959,37.7090025248158],[-122.49830707835,37.7090647051892],[-122.498278464313,37.7094381921307],[-122.498271237367,37.7095325295594],[-122.498265821424,37.7096032148602],[-122.498252771598,37.7098055383867],[-122.498247794033,37.7098914950882],[-122.498242078053,37.7099902359768],[-122.498241053973,37.7100079139506],[-122.498301860935,37.7111608164554],[-122.498304363641,37.7112082765252],[-122.498326853863,37.7116346752811],[-122.498333476243,37.7117602396728],[-122.498350982611,37.7117602894187],[-122.498424891501,37.7129653337549],[-122.498466646992,37.7136461281605],[-122.498471938968,37.7137324144062],[-122.498525933106,37.7146126994916],[-122.498556262925,37.7148726581519],[-122.498615000168,37.7151295282426],[-122.498681868961,37.7153237618916],[-122.498701696576,37.7153813534574],[-122.498815690989,37.7156262187311],[-122.49886783909,37.7157138720308],[-122.498952467576,37.7158561218849],[-122.498956119228,37.7158622587656],[-122.499079464205,37.7160341132486],[-122.499201107772,37.7161911475019],[-122.499253452604,37.7162587196541],[-122.499571859558,37.7166697544208],[-122.499853030445,37.7170327159254],[-122.499905186631,37.7171000428623],[-122.500036246339,37.7172838787854],[-122.50006233072,37.7173284307028],[-122.500171033157,37.7175140859064],[-122.500192256754,37.7175605477777],[-122.500280051802,37.717752747007],[-122.500362470433,37.7179980485654],[-122.50036971265,37.7180308638627],[-122.500417662025,37.7182481216557],[-122.500445206169,37.7185010646886],[-122.50045634438,37.7186756616092],[-122.500463745599,37.7187916992964],[-122.500470555728,37.7188984707486],[-122.500480021276,37.7192659328286],[-122.500515901785,37.7198230324092],[-122.500524778936,37.7199051695062],[-122.500540145518,37.7200473530455],[-122.500547077817,37.7200788827143],[-122.500588908766,37.7202691419387],[-122.500661823221,37.7204867107931],[-122.500758331029,37.7206984025974],[-122.50087770096,37.7209026093872],[-122.501031209568,37.7211214838219],[-122.501189954455,37.7213441363866],[-122.501437675674,37.7216915805163],[-122.501478830192,37.7217493021384],[-122.501615766679,37.721899750904],[-122.502311123795,37.7226637092643],[-122.502430389522,37.7228007758158],[-122.502639211893,37.7230783379676],[-122.502816785468,37.7233692999417],[-122.502901436412,37.7235457271141],[-122.502961758284,37.7236714475339],[-122.503098038102,37.7239990638442],[-122.503107620431,37.7240220994835],[-122.503150764718,37.7241344212153],[-122.503214391491,37.7243508013609],[-122.503254034144,37.72457076409],[-122.503258666756,37.7246377075942],[-122.503272335522,37.7248352025157],[-122.503279940659,37.7248774065652],[-122.503292148764,37.7249189235089],[-122.503308865513,37.7249594364521],[-122.503329963346,37.7249986391587],[-122.50335528326,37.725036231788],[-122.503366844578,37.7250502924268],[-122.503384632119,37.7250719279996],[-122.503417786241,37.725105456375],[-122.503454492302,37.7251365632588],[-122.503494472722,37.725165009917],[-122.503841240388,37.7253657583473],[-122.504070640467,37.7254978519173],[-122.50410764387,37.7255191605186],[-122.504475527335,37.7257309928344],[-122.504868257303,37.7259571315613],[-122.505023602965,37.7260465794857],[-122.505096965679,37.7260888219233],[-122.505250963868,37.726182474529],[-122.505371317455,37.7262668732528],[-122.505482782212,37.7263450378175],[-122.505493069719,37.7263522531023],[-122.505622045336,37.7264599785353],[-122.505662842324,37.7264940547991],[-122.505688852145,37.7265157794749],[-122.505715626432,37.7265381436067],[-122.505736983878,37.7265594227776],[-122.505916940684,37.726738732713],[-122.506095477253,37.726952495548],[-122.506249880583,37.7271778042249],[-122.506378973879,37.7274129434786],[-122.506481774385,37.727656124169],[-122.506493589028,37.7276950348526],[-122.506518687058,37.7277776840183],[-122.506528206506,37.7278090327713],[-122.506535508012,37.727833075427],[-122.506557497872,37.7279054946524],[-122.506586742526,37.7280598010021],[-122.506605571214,37.7281591599679],[-122.506655038742,37.7285286599884],[-122.506799581265,37.7296083139916],[-122.506871245265,37.7301435844722],[-122.506875170903,37.7301729109114],[-122.50690069204,37.7303635307073],[-122.506911879658,37.7304470969615],[-122.5069497688,37.7307300961307],[-122.507040320778,37.7312026731458],[-122.507140889869,37.7316064038244],[-122.507168222009,37.7317161279649],[-122.507305051597,37.7322654140599],[-122.507336860043,37.7324724975687],[-122.507345823433,37.7326809943032],[-122.507331872596,37.7328893185212],[-122.507321068558,37.732950030235],[-122.507295339012,37.7330946099492],[-122.507295112637,37.7330958844978],[-122.507174440148,37.7336081567952],[-122.50704842448,37.7341430978461],[-122.506995622406,37.7343672394187],[-122.506991708446,37.7343838572851],[-122.506983911069,37.7344169587339],[-122.50695551712,37.734608257438],[-122.506948223698,37.734800793935],[-122.506962509606,37.7349963833704],[-122.50699783316,37.7352696535765],[-122.506959927848,37.7352727340005],[-122.50698486508,37.7354656552424],[-122.506986994087,37.7354821222515],[-122.506993042444,37.7355289046217],[-122.506996145225,37.7355529085391],[-122.506999903776,37.73558198987],[-122.507017047225,37.7357146136659],[-122.50704668624,37.7359438946571],[-122.507055751139,37.7360140148371],[-122.507074671456,37.7361603859343],[-122.507104263758,37.7363893053626],[-122.50716191404,37.7368352682224],[-122.507178260683,37.7369617212516],[-122.50720492807,37.7371680108831],[-122.507257676245,37.7375760496265],[-122.507296446635,37.7378759611552],[-122.507302158123,37.7379201334076],[-122.50730491146,37.7379414327512],[-122.507780564911,37.7416206578261],[-122.507784411497,37.7416504180171],[-122.507955362692,37.7429726452419],[-122.508262625147,37.7453490838326],[-122.508266314528,37.7453776136485],[-122.508392994051,37.7463573373618],[-122.508653907929,37.7483751300607],[-122.508741506245,37.7490525468459],[-122.508746930273,37.7490944970116],[-122.508940411215,37.7505906832045],[-122.509223383225,37.7527787887144],[-122.509226450972,37.7528025114565],[-122.509231900152,37.752844643454],[-122.509524631459,37.7551080827942],[-122.509705328477,37.7565051944983],[-122.509706419031,37.7565136220405],[-122.509707905743,37.7565251007122],[-122.509963181794,37.7584960024452],[-122.510114785973,37.7596663865765],[-122.51018545464,37.7602119455646],[-122.510189514126,37.7602432784525],[-122.510339869647,37.7614039722434],[-122.510367098482,37.7616141615082],[-122.510403103857,37.7618921015514],[-122.510506362504,37.7626891948335],[-122.51061281017,37.7635108879533],[-122.510660302302,37.7638272040892],[-122.510663694341,37.7638268397792],[-122.510667492418,37.7638524884714],[-122.510672067537,37.7639172418458],[-122.510669516322,37.7639820661789],[-122.51066690492,37.7639994763195],[-122.510666718968,37.7640006814511],[-122.510659869314,37.7640464664934],[-122.510652290228,37.7640751907838],[-122.510643166938,37.7641099499442],[-122.510598811723,37.7642786941939],[-122.510573161228,37.7644498653506],[-122.510566424762,37.7646221602758],[-122.51057291509,37.7647157272067],[-122.510588004092,37.7648703232617],[-122.510598426345,37.7649547780093],[-122.510611023421,37.7650569443635],[-122.510617725751,37.7651110793293],[-122.510789072205,37.7664992305882],[-122.510809882577,37.7666677755214],[-122.510827075433,37.7668069712304],[-122.510904520092,37.7674343758687],[-122.511051232944,37.7686228769122],[-122.511122922995,37.7692035832016],[-122.511123414374,37.7692073687668],[-122.511163733459,37.7695338916746],[-122.511239212604,37.7701454082341],[-122.511240826877,37.7702112439634],[-122.511236124196,37.7702479004517],[-122.511227387182,37.7702840989114],[-122.511214685003,37.7703195482048],[-122.511198191935,37.7703539848885],[-122.511151837968,37.770465283379],[-122.511130538014,37.7705812697225],[-122.511133134145,37.7706853973831],[-122.511150046727,37.7708225475755],[-122.511210649771,37.7713141992252],[-122.511212333214,37.771327665965],[-122.511303393638,37.772066260162],[-122.511405400932,37.7728938278764],[-122.511579449518,37.7743055758711],[-122.511649525296,37.7748737832614],[-122.511732022979,37.7755431000669],[-122.511809080464,37.7761680455672],[-122.511824240433,37.7762909706684],[-122.511859787667,37.7764188601293],[-122.511881893409,37.7764982952374],[-122.511949653331,37.7765820990951],[-122.512052854486,37.7766802142714],[-122.512445376943,37.776977899708],[-122.513025000507,37.77758598493],[-122.513278599403,37.7777229966482],[-122.513287687659,37.7777330924551],[-122.513444436489,37.777907102372],[-122.513913981397,37.7786992851215],[-122.513694736772,37.7790883065913],[-122.512971488764,37.7792146398453],[-122.512632092673,37.7791976379915],[-122.512219534192,37.77923660465],[-122.511983446156,37.7793226930461],[-122.511323465594,37.7796645222747],[-122.510782510012,37.7798400676395],[-122.509703408777,37.7799360286085],[-122.509728920033,37.7799853410074],[-122.510175200371,37.7807058624468],[-122.509646002837,37.7807297970402],[-122.509665722654,37.7810044340707],[-122.509340784948,37.78101907763],[-122.507675955198,37.7810940838476],[-122.507821193915,37.7831215907042],[-122.507612439816,37.7831164462579],[-122.507270974905,37.7832885585348],[-122.50715907177,37.7834231195246],[-122.507090258124,37.7835807960586],[-122.507047905254,37.7836184576194],[-122.506977584235,37.7836051180724],[-122.506890454839,37.7836475768574],[-122.506755496442,37.7836948342715],[-122.506632785676,37.7837364062592],[-122.506640188692,37.7838413609587],[-122.504088482805,37.7839545681135],[-122.505061926891,37.7851600099761],[-122.504319763957,37.7855195601878],[-122.503486050118,37.7859234389601],[-122.503336038652,37.7863837230519],[-122.502383332174,37.7869308583505],[-122.501966739359,37.7870516868707],[-122.501304371974,37.7869111413539],[-122.50119481973,37.7862909722836],[-122.50078117339,37.7860034183198],[-122.500354508664,37.7858521669806],[-122.500218955583,37.7859204855948],[-122.499715161507,37.7863019962317],[-122.49968838722,37.7863202019292],[-122.499562131702,37.7864059775111],[-122.499357905112,37.7864773313093],[-122.498980543522,37.7865205381386],[-122.498613637424,37.7865281500917],[-122.498246661257,37.7864878831208],[-122.497891756652,37.7864075997216],[-122.497331888837,37.7862340790866],[-122.497096817694,37.7863999167622],[-122.496798549172,37.7864088470843],[-122.495983187914,37.7865299668224],[-122.495765626732,37.7866215096883],[-122.495168983687,37.7866510167884],[-122.494624592048,37.7865155046792],[-122.494222103682,37.7864172918071],[-122.494143641231,37.7863292281027],[-122.494107743654,37.7863584165567],[-122.494005771395,37.7864703291881],[-122.49386965507,37.7865592794362],[-122.493739539491,37.7865953449605],[-122.493697607032,37.7866070333643],[-122.493692939385,37.7866230488314],[-122.493740908523,37.7872706411601],[-122.493601073173,37.7873365880068],[-122.493620127338,37.7875517433378],[-122.493662833247,37.787553337126],[-122.493600581794,37.7875697684057],[-122.493552157211,37.7875697400086],[-122.49344144614,37.7875806530173],[-122.493344597871,37.7876080377615],[-122.493261537843,37.7876574004161],[-122.493199252255,37.7876903033915],[-122.493149950017,37.7877337033214],[-122.493132369987,37.7877390277676],[-122.49309780551,37.78773054273],[-122.493063908481,37.7877456421491],[-122.493025238703,37.7877535443357],[-122.492983832656,37.7877451707581],[-122.492975305848,37.7877689227509],[-122.492914107221,37.7877899287437],[-122.492870665592,37.7877906642266],[-122.492876980748,37.7878559155926],[-122.492841365242,37.7878928267143],[-122.492789605214,37.7878904136804],[-122.492783781436,37.78787806028],[-122.492782658542,37.7878357139639],[-122.492768201056,37.7878460852604],[-122.492754446052,37.7878241776785],[-122.492742585595,37.7878053071513],[-122.492703529542,37.7877742606831],[-122.492693563632,37.7877555278689],[-122.492663701835,37.7877646376384],[-122.492618119521,37.7877613095058],[-122.49252818289,37.7877667454083],[-122.492369047235,37.7877831205565],[-122.492272198068,37.7878050288605],[-122.492147662824,37.7878324000329],[-122.49225152963,37.7877824695546],[-122.492237738694,37.7875394026596],[-122.491780650724,37.7878302368907],[-122.49176152649,37.7873385843299],[-122.49166439615,37.7872985116116],[-122.491678258053,37.787436352272],[-122.491576178894,37.7874423838289],[-122.491554493563,37.7872531846739],[-122.491209307831,37.7871107958464],[-122.491190851045,37.7871336194521],[-122.491153795539,37.7871569421327],[-122.491116985274,37.7871666610973],[-122.491076034673,37.7871666064326],[-122.4910498928,37.7871620997865],[-122.490961148233,37.7871775322796],[-122.490739447615,37.7872541835465],[-122.490607051213,37.7873197541448],[-122.490406158271,37.7874216964955],[-122.490315941365,37.787486255297],[-122.490225442389,37.7875588703039],[-122.490151647585,37.787624995795],[-122.490075818097,37.7877027136173],[-122.489995565304,37.7877956280265],[-122.489871064196,37.7879635692522],[-122.490022514763,37.7880404823754],[-122.490049745394,37.7882402729614],[-122.490067991974,37.7883743400601],[-122.490018233392,37.7883756569618],[-122.490049815463,37.7885116917097],[-122.490103643413,37.7885891736166],[-122.48997644107,37.7886018598495],[-122.489872398194,37.7890233588769],[-122.48981958534,37.789059174019],[-122.489702033599,37.7894390874832],[-122.489676522343,37.7894394204309],[-122.489635011194,37.789428411149],[-122.489614307721,37.789406434465],[-122.489593604249,37.7893570176056],[-122.489538266231,37.7893459948231],[-122.489448294565,37.7893733931112],[-122.489379131475,37.7893843328301],[-122.489351480432,37.7893678330926],[-122.48931688092,37.7893568372883],[-122.489296177448,37.7893293701326],[-122.489220136856,37.7892744208825],[-122.489181045768,37.7892518208503],[-122.489144060331,37.789230453928],[-122.489088758246,37.789202973237],[-122.489005769185,37.7891809538913],[-122.488943483596,37.7891918943485],[-122.488901971549,37.7892028475826],[-122.48883968596,37.7892357505798],[-122.488687428706,37.7892960376809],[-122.488604404611,37.7893289264383],[-122.488514432945,37.7893508342841],[-122.48843835642,37.789367250256],[-122.488403757807,37.7893562416733],[-122.488348418891,37.7893726860405],[-122.488258483158,37.7893726164692],[-122.488196197569,37.7893835561883],[-122.488092435866,37.7894054498196],[-122.487988601399,37.789465777957],[-122.48791936824,37.7895261202434],[-122.487884734592,37.789548056427],[-122.487836345941,37.7895370457415],[-122.487801745531,37.7895370194749],[-122.487774094489,37.7895205325498],[-122.48773953091,37.7894985551832],[-122.487704966433,37.789482056181],[-122.487684227926,37.7894600795129],[-122.487642750913,37.7894271219526],[-122.487613660769,37.7894097760117],[-122.48751688167,37.7894246947706],[-122.487413013965,37.7894334025253],[-122.487380450036,37.7894326535705],[-122.487372764051,37.7894385330437],[-122.487215981084,37.7894830131388],[-122.486974488783,37.7896369596662],[-122.486702748409,37.7898265559447],[-122.486347527597,37.7901397871382],[-122.486311209608,37.790171830026],[-122.485992728992,37.7904655098241],[-122.48580832822,37.7903777711092],[-122.485730883561,37.7903366323476],[-122.485700214179,37.790359067351],[-122.485580731958,37.7902727965866],[-122.48550202337,37.7899161396479],[-122.485494058008,37.7899204239258],[-122.485485951611,37.7899239457652],[-122.48548268893,37.7899251937784],[-122.485479320248,37.7899263445346],[-122.485475073911,37.7899276479204],[-122.485471248885,37.7899286737333],[-122.485466231794,37.7899298244894],[-122.485462897248,37.7899304903804],[-122.485459986706,37.7899309752456],[-122.485458125397,37.7899312528185],[-122.485454581543,37.7899317241954],[-122.48545093079,37.7899320983154],[-122.485446616181,37.7899324035746],[-122.485442651018,37.7899325562042],[-122.485439843782,37.7899325980885],[-122.485436228962,37.7899325696924],[-122.485430719594,37.7899323205157],[-122.485423420782,37.7899316411365],[-122.485418017416,37.7899308645004],[-122.485414333425,37.7899302270056],[-122.485410858741,37.7899294929638],[-122.485407349922,37.7899286602451],[-122.485403841102,37.7899277174911],[-122.48539871801,37.7899261365324],[-122.485393593122,37.7899243468616],[-122.485386575483,37.7899213936562],[-122.485382400113,37.7899193704265],[-122.485379312604,37.7899177482931],[-122.485374891096,37.7899151692074],[-122.485372013792,37.7899133390718],[-122.485365276427,37.789908444275],[-122.485360572848,37.789904576001],[-122.485360153335,37.7899042018808],[-122.485355942033,37.7899001390926],[-122.485353310868,37.7898973385158],[-122.485351240251,37.7898949262572],[-122.485350257494,37.7898937052199],[-122.485347415225,37.7898899476903],[-122.48534653757,37.78988867341],[-122.485344853229,37.7898860801253],[-122.485344046542,37.7898847625407],[-122.485342536474,37.7898821003949],[-122.485339871173,37.789876664648],[-122.485337695453,37.789871091179],[-122.485335975179,37.7898654211624],[-122.485334782217,37.7898596659566],[-122.48533446601,37.7898573090695],[-122.485334361805,37.7898563663146],[-122.48533422077,37.7898550210431],[-122.485334080632,37.7898534265947],[-122.48533397553,37.7898515268867],[-122.485333940495,37.7898494752587],[-122.485333940495,37.7898480192418],[-122.48533397553,37.7898465632249],[-122.485334046496,37.789845287524],[-122.485334150701,37.7898438875896],[-122.485334291737,37.7898421958838],[-122.485334432772,37.7898410025319],[-122.485334642079,37.7898392980477],[-122.485334818149,37.7898383134082],[-122.485335027457,37.789837107278],[-122.485335238561,37.7898359011477],[-122.485335694905,37.7898338495193],[-122.48533650249,37.7898306733998],[-122.485337870625,37.7898264302913],[-122.485010125683,37.7898769010466],[-122.484904889844,37.7897576034454],[-122.484888888154,37.7898300082179],[-122.484885309266,37.7898248088658],[-122.484823830365,37.7896700846711],[-122.484730454084,37.7895613949013],[-122.484588584049,37.7895375313191],[-122.484278666175,37.7894167359699],[-122.484087563073,37.7894035224136],[-122.483836386035,37.7892915858278],[-122.483724202625,37.7887957012418],[-122.483803505899,37.7886285932208],[-122.483880037869,37.7884673082887],[-122.483940815186,37.7883392039799],[-122.483940955324,37.7883388994241],[-122.483947552551,37.788257535406],[-122.483964184858,37.7880514776656],[-122.483977449382,37.7880339929669],[-122.484013627233,37.787986294625],[-122.484155638303,37.78779921954],[-122.484160340984,37.7876754119697],[-122.484164024975,37.7875786843879],[-122.484165007732,37.787559548995],[-122.48456816175,37.7875392223379],[-122.484680837436,37.7875349932963],[-122.484656343971,37.7873839254138],[-122.484324633866,37.7873760359664],[-122.484323616973,37.7873576771842],[-122.484075912822,37.7872354087145],[-122.48407791337,37.7872859209955],[-122.482380027414,37.7870991628971],[-122.482209732888,37.7872474718605],[-122.481615721906,37.7872135833035],[-122.481565612083,37.7872273098216],[-122.481508100142,37.7872339938221],[-122.481448516686,37.7872307082614],[-122.481357772469,37.787207912373],[-122.481271554863,37.7871521302153],[-122.48116161814,37.7870852964985],[-122.481043327085,37.7870443646242],[-122.480911069923,37.7870226506162],[-122.480877419032,37.7870238163262],[-122.480870997874,37.7869093388312],[-122.480821168326,37.786904027814],[-122.48080808077,37.7869139974186],[-122.480403838892,37.7869323563111],[-122.480398890972,37.7868640805185],[-122.479980402712,37.7868289302314],[-122.479860779455,37.7868197103066],[-122.47973638345,37.7868101141151],[-122.479737541378,37.7868305524325],[-122.479322175662,37.786849396231],[-122.479334457429,37.7870186437542],[-122.479194657113,37.7870124595271],[-122.479073383651,37.7869944754994],[-122.47895081392,37.7869950995307],[-122.478774519546,37.7870080778199],[-122.478646264378,37.7869987734353],[-122.478488461823,37.7869627925901],[-122.478364803335,37.7869219564889],[-122.478174052372,37.7868679219741],[-122.478072745764,37.7868538886976],[-122.477896101047,37.786855414347],[-122.477712226688,37.7868982326213],[-122.477712086551,37.7868928513199],[-122.477709875797,37.7868206247028],[-122.477588251992,37.7868177125496],[-122.477481261744,37.7868089917078],[-122.477441609209,37.7868153555654],[-122.477250120729,37.7868461518295],[-122.47689988377,37.7869024744781],[-122.476870478317,37.7869071891507],[-122.476784434984,37.7868929627795],[-122.476775066454,37.7868840474246],[-122.476766959159,37.7868710818925],[-122.476763029928,37.7868569946615],[-122.476521398388,37.7868698068502],[-122.476210249821,37.7868604477834],[-122.476104522604,37.7868572580472],[-122.475685262691,37.7868400506504],[-122.475683894557,37.7868399952755],[-122.475567639084,37.7868353643708],[-122.475438541296,37.7868302194731],[-122.47500040239,37.7868132342796],[-122.474553490536,37.7867964144971],[-122.474556684047,37.7868256162553],[-122.474566192714,37.7869567049093],[-122.474441025954,37.7869780164043],[-122.473315534819,37.7872030457943],[-122.472646605241,37.7863255676536],[-122.472641131806,37.786318399392],[-122.472641096772,37.7863183575056],[-122.472226924019,37.7866449986557],[-122.471148840575,37.7866921703807],[-122.470080652074,37.7867429890154],[-122.469012393504,37.7867910495167],[-122.467933854615,37.7868404112973],[-122.467812722188,37.78684592962],[-122.466865490942,37.7868873195119],[-122.466311798147,37.7869138589815],[-122.466402051884,37.7881606978384],[-122.466402086918,37.7881613765238],[-122.465955734715,37.7882528350179],[-122.465891310237,37.78826604878],[-122.465363023595,37.788369999609],[-122.46483729805,37.7884734519286],[-122.464307292032,37.788580632593],[-122.464089802715,37.7886278996313],[-122.463798164658,37.7886912796268],[-122.463773847264,37.7886913903738],[-122.463753354895,37.788700610775],[-122.459492040937,37.7895477504564],[-122.459480110411,37.7895458223442],[-122.4594714785,37.7895499135483],[-122.458725384537,37.7896968737386],[-122.457500132795,37.7899382134373],[-122.456732669709,37.7900959307336],[-122.45590295517,37.7902664472248],[-122.45588976341,37.7902647271326],[-122.455888779754,37.7902646021898],[-122.455888148239,37.7902650458785],[-122.455876076678,37.7902733233338],[-122.455418532364,37.790356917061],[-122.454662544357,37.7904950295873],[-122.454673141783,37.7905280143574],[-122.451987038048,37.7910635846119],[-122.451973809457,37.7910223773724],[-122.451006436185,37.7912175981257],[-122.450834668421,37.7912735987008],[-122.44898792803,37.7916393590891],[-122.44645436362,37.7919625657191],[-122.446486647275,37.7921649935667],[-122.446568337372,37.7926772729077],[-122.446572197433,37.7927016196129],[-122.446564512345,37.7927022017133],[-122.446295123761,37.7927224027215],[-122.444951230621,37.7928929266391],[-122.444783040847,37.792914041916],[-122.444716475685,37.79292240213],[-122.443492485178,37.7930779926604],[-122.443301768351,37.7931022419809],[-122.44318270744,37.7931174375551],[-122.443063819904,37.7931329802547],[-122.441651359257,37.7933119592274],[-122.441281927096,37.7914947879927]],[[-122.503181010095,37.7839949323095],[-122.5029902232,37.7813102016362],[-122.501088916443,37.7813944295812],[-122.501286055326,37.7840853970446],[-122.503181010095,37.7839949323095]],[[-122.447946973753,37.7822213646539],[-122.447857308413,37.7822126709588],[-122.447945145682,37.7822215868773],[-122.447946973753,37.7822213646539]],[[-122.453969893866,37.7814590071375],[-122.454378909391,37.7814022110391],[-122.454303453602,37.7814119364404],[-122.454059992194,37.7814433072054],[-122.453961900656,37.7814559470958],[-122.453223446865,37.7815500245054],[-122.453047956483,37.781572380528],[-122.452936338114,37.7815866001136],[-122.452227407455,37.7816769087599],[-122.4520224155,37.7817030219801],[-122.451202444089,37.7818074697991],[-122.450997450337,37.7818335808434],[-122.450176110792,37.7819381953236],[-122.449971116142,37.7819643041917],[-122.449830647479,37.781982195016],[-122.449147332281,37.7820692223587],[-122.448942338529,37.7820953297605],[-122.448112886298,37.7822009641106],[-122.450185180183,37.781946108781],[-122.453969893866,37.7814590071375]],[[-122.456408959999,37.781213492703],[-122.456407873936,37.7812084958016],[-122.456136046426,37.7812205428916],[-122.455959000162,37.7812330734819],[-122.456408959999,37.781213492703]],[[-122.51169015969,37.779214610735],[-122.511781710594,37.7791656599262],[-122.511901896196,37.7791117709726],[-122.512027484266,37.7790664106135],[-122.512205252776,37.779019497435],[-122.51238305632,37.7789916508419],[-122.512537943841,37.7789816247878],[-122.512788421092,37.7789861880236],[-122.512965487119,37.7789941486576],[-122.513091672569,37.7789942863995],[-122.513214172231,37.7789701993019],[-122.513279687263,37.7789460561056],[-122.513361587566,37.7789015284878],[-122.513436892437,37.778839817854],[-122.51349033501,37.7787734345783],[-122.513522196457,37.7786976762322],[-122.513533775741,37.7786075094988],[-122.513494791553,37.7784579222103],[-122.513444191249,37.7783845065936],[-122.513403485889,37.7783110653434],[-122.513371623544,37.7782453887701],[-122.513293547369,37.7780802541764],[-122.513206347905,37.7779685091858],[-122.513062792631,37.7778604114043],[-122.512949099153,37.7777840422138],[-122.512830073277,37.7776836266089],[-122.512760523911,37.777611599029],[-122.512422777127,37.7772234005197],[-122.512326595408,37.777134216797],[-122.51216819727,37.7770109608042],[-122.512127106532,37.7769822124271],[-122.512016887739,37.7769836963886],[-122.511585941642,37.7769807980484],[-122.511529726869,37.7768247163654],[-122.511360169859,37.7766541006968],[-122.511198191935,37.7764859392228],[-122.511125555059,37.7763723471505],[-122.511132011251,37.7762059189458],[-122.510925048393,37.776057240617],[-122.51080654803,37.7758710775603],[-122.510654922292,37.7757117195323],[-122.510297174518,37.7752287937714],[-122.510391498521,37.7762861310623],[-122.509328537317,37.7762897770978],[-122.509556345582,37.7796515703861],[-122.509615121452,37.7797652120899],[-122.509718708883,37.7797604415814],[-122.510405463731,37.7797280476979],[-122.510635657022,37.7796961529325],[-122.510911853938,37.779621089916],[-122.5110862888,37.7795497436985],[-122.511343185412,37.7794073670096],[-122.511603100363,37.779268528014],[-122.51169015969,37.779214610735]],[[-122.45530023592,37.7773422035853],[-122.45522893933,37.7769579578169],[-122.455150902682,37.776605437176],[-122.455217676253,37.7769348704879],[-122.455251642453,37.7771024657581],[-122.45530023592,37.7773422035853]],[[-122.509824330997,37.7755252786886],[-122.509752887084,37.775872381904],[-122.509932339935,37.7758641156165],[-122.510122320143,37.7758553650806],[-122.510097264333,37.7755126037019],[-122.510077227411,37.7752385015237],[-122.509887213067,37.775247335208],[-122.509907390127,37.7755214238626],[-122.509824330997,37.7755252786886]],[[-122.460690758242,37.767456165933],[-122.460660314337,37.7673920718094],[-122.460689341598,37.7674537685646],[-122.460690758242,37.767456165933]]]},"properties":{"streetteam":"Richmond/Taraval/Park"}},{"type":"Feature","geometry":{"type":"MultiPolygon","coordinates":[[[[-122.419927109687,37.8115799124111],[-122.419737712486,37.8111387648371],[-122.419229235492,37.8108989720009],[-122.41920040047,37.8109329405355],[-122.419106226485,37.8109195839191],[-122.41899937817,37.8108394384923],[-122.4189474807,37.8108886685237],[-122.419137216566,37.8110295005677],[-122.419065511243,37.8110989044543],[-122.419479598657,37.8113886878465],[-122.419363459067,37.8114935542966],[-122.418859539227,37.811479421372],[-122.417362259651,37.8104839347627],[-122.415364089353,37.8091653054908],[-122.415213152623,37.8091602721547],[-122.415053538166,37.8091901989241],[-122.414901695036,37.8092447728235],[-122.414793331263,37.8092874752127],[-122.414787818302,37.8093768933735],[-122.415354405515,37.8097597463195],[-122.415300244289,37.8098425103425],[-122.414578530604,37.8095688726088],[-122.414035094773,37.8094771991991],[-122.413554818591,37.8092877250338],[-122.413437836381,37.8092387551118],[-122.41338529931,37.8093239732164],[-122.413532145113,37.8094394557167],[-122.413649607921,37.8095070264797],[-122.413990211348,37.8097461034759],[-122.414297540278,37.8099518402426],[-122.4140429182,37.8101445560824],[-122.413794523245,37.8099116172655],[-122.413872773692,37.8098532759893],[-122.412720498389,37.8091581316383],[-122.412531934824,37.8090443719016],[-122.412011081741,37.8093375742646],[-122.411904630482,37.8093938897032],[-122.412880004149,37.8105268663804],[-122.412730744573,37.8106061746929],[-122.412722040796,37.8105902950107],[-122.411524315232,37.8112471900792],[-122.411501348903,37.8112273709878],[-122.412701113644,37.8105670613439],[-122.411467296466,37.8091106605606],[-122.411437916166,37.8091235441206],[-122.411265551921,37.8089278284579],[-122.411108538087,37.8089030783001],[-122.411101040748,37.8089156063253],[-122.411294459707,37.8091395156722],[-122.411269864732,37.8091560436411],[-122.411047315206,37.808894037851],[-122.411036794137,37.8089104445123],[-122.410967632843,37.8088966773103],[-122.410968876112,37.8088842500626],[-122.410747700109,37.8088501180589],[-122.410745094994,37.8088779505615],[-122.410661898423,37.8088656503511],[-122.410665948926,37.8088407717126],[-122.410501055071,37.808813665953],[-122.410415534558,37.80931876601],[-122.410643279042,37.8097220178856],[-122.410918560574,37.8102101063649],[-122.411339416793,37.8109464504454],[-122.411257944987,37.8111227064246],[-122.410963495203,37.8112267315478],[-122.410941612243,37.8112878786016],[-122.410695173818,37.8113737564905],[-122.410627573796,37.8113599634888],[-122.41050028791,37.8113967642193],[-122.410226220002,37.8113813523986],[-122.410019432315,37.8110025730372],[-122.410028747844,37.8109391483096],[-122.410050120561,37.8109189515734],[-122.410072547003,37.8108180934272],[-122.410193416222,37.8101064701506],[-122.41007215893,37.8098913152106],[-122.409793758447,37.8094032764335],[-122.40965916836,37.8090952872975],[-122.409562861775,37.8089988326136],[-122.409400935055,37.8087223031748],[-122.408705634534,37.8085015508463],[-122.408330361527,37.8083810746541],[-122.408339198254,37.8083598410153],[-122.408319102043,37.8083080571144],[-122.408243339929,37.8082807481769],[-122.4082046441,37.8082962621358],[-122.408115542902,37.8084800823226],[-122.408082462441,37.8084706926361],[-122.408181963435,37.8082656117904],[-122.408173733969,37.8082496166287],[-122.408137262369,37.808235473147],[-122.408056852371,37.8082043614522],[-122.40803822221,37.8082096255155],[-122.407931351437,37.8084321941992],[-122.407901460895,37.8084252346131],[-122.40801283043,37.8081951484532],[-122.408006130795,37.8081778871185],[-122.407941470061,37.8081566009013],[-122.407927433884,37.8081580693325],[-122.407821167678,37.8084042004204],[-122.407800688784,37.8083983288441],[-122.407883347265,37.8082071684322],[-122.407675164495,37.8082601624918],[-122.407717396991,37.8083823060318],[-122.40762721512,37.8084023757108],[-122.407518174017,37.808123637487],[-122.407560232241,37.8081081788508],[-122.407550024684,37.8080760862545],[-122.407478174733,37.8080497091079],[-122.407457675178,37.8080118236593],[-122.407499499839,37.8079354664652],[-122.407445588346,37.8079065619116],[-122.407371129687,37.8080516842891],[-122.406658520427,37.8078262386201],[-122.406831623087,37.8099995818895],[-122.406794713108,37.8100237518451],[-122.406193919846,37.8100731641065],[-122.406168368166,37.8100524859488],[-122.40614319827,37.8100466890233],[-122.40613187321,37.810031983794],[-122.406129929255,37.8100171273931],[-122.405919014708,37.8071620240934],[-122.4053345627,37.8068724647161],[-122.404414437219,37.8088587561004],[-122.404400656164,37.8088701450275],[-122.404380525817,37.8088779136559],[-122.404356983668,37.8088745722799],[-122.40432751174,37.808822939911],[-122.403953897024,37.8087669384448],[-122.403933385791,37.8087598255898],[-122.403918776489,37.8087389689236],[-122.403921361841,37.8087178361687],[-122.40473200335,37.8069740081838],[-122.403972948494,37.8065830454427],[-122.402780602939,37.8080166555101],[-122.402759005643,37.8080281708992],[-122.402730932392,37.8080311049278],[-122.402707199801,37.8080203219818],[-122.402368055238,37.8078446540629],[-122.402353445937,37.8078237978479],[-122.402354278675,37.8077952495368],[-122.402366244235,37.8077739646288],[-122.403433855119,37.8064763642954],[-122.402818113891,37.8060299283999],[-122.400964762797,37.8076377566864],[-122.400943165501,37.8076492707151],[-122.400916338213,37.8076397780114],[-122.400412651037,37.8072670086849],[-122.400976274708,37.8035681629054],[-122.400855587846,37.803434875029],[-122.400490635583,37.8034717733993],[-122.398591315002,37.8045929176107],[-122.398559903611,37.8046133652043],[-122.398522825648,37.8046051858836],[-122.398572471042,37.8045287059266],[-122.398256965646,37.804298056847],[-122.398241050194,37.8042871470173],[-122.398234258931,37.8042661641688],[-122.398244914747,37.8042548270544],[-122.399987281682,37.8032329898111],[-122.399616905392,37.802813405214],[-122.39783649211,37.8038147585769],[-122.397819393576,37.803818755301],[-122.397800510989,37.80381409636],[-122.397531435019,37.8035032952084],[-122.397521486177,37.8034811232643],[-122.397536704536,37.8034647494659],[-122.399519073468,37.8023509691908],[-122.399641075463,37.8022769257256],[-122.399736734363,37.802179971673],[-122.399546781104,37.8019671551077],[-122.399422783052,37.8018264747106],[-122.399253211669,37.8018602231248],[-122.399158757411,37.8018964827609],[-122.397137636955,37.8030232872427],[-122.397103409346,37.8030300407922],[-122.397076173324,37.8030044255659],[-122.396159898921,37.8019645899288],[-122.39615786244,37.8019460118975],[-122.396169922323,37.8019284488609],[-122.398399996304,37.8006770490445],[-122.398005188533,37.800236715076],[-122.395776901302,37.8014782001414],[-122.39575508302,37.8014810315101],[-122.395734447819,37.801468956492],[-122.395458048783,37.8011768791467],[-122.395452884368,37.8011583520227],[-122.395464946048,37.8011407887989],[-122.397545917658,37.7999708659691],[-122.397620791339,37.7999026653975],[-122.397653811612,37.799848783757],[-122.397025950314,37.7991417764739],[-122.396755554718,37.7988396800528],[-122.396715488958,37.7988626561958],[-122.396686437442,37.7988271446399],[-122.396632368743,37.798852827328],[-122.396610519919,37.7988544194527],[-122.396591322023,37.7988373582333],[-122.39572387375,37.799340132319],[-122.395696328709,37.7994086897367],[-122.395592627192,37.799466309576],[-122.39550200874,37.7994690061573],[-122.3944850296,37.8000560585683],[-122.394502570104,37.8000694235379],[-122.394477170239,37.8001157363436],[-122.394511398747,37.8001509633573],[-122.394450841517,37.8001868781568],[-122.394351743866,37.8001636561228],[-122.394265160646,37.8000794403429],[-122.394255289957,37.7999989552197],[-122.394321578439,37.799961911733],[-122.394356691787,37.7999898831588],[-122.39442073987,37.7999876131914],[-122.394436748747,37.8000022444714],[-122.395459885838,37.7994113721237],[-122.395474262476,37.7993506936507],[-122.395578817391,37.7992928366429],[-122.395619422141,37.799290943566],[-122.395667777554,37.7992864440477],[-122.396151854508,37.7990168791739],[-122.396536693674,37.7987799252959],[-122.396522088864,37.7987590693602],[-122.396526920004,37.7987410796736],[-122.396575650014,37.7987135436049],[-122.396541868868,37.7986797611012],[-122.396588163546,37.7986525493979],[-122.396511116841,37.7985743852577],[-122.396478739762,37.7985922756098],[-122.39637257776,37.7984761181412],[-122.396409612604,37.7984569124587],[-122.396322903619,37.798367738032],[-122.395874603868,37.7978763834417],[-122.395808359404,37.7978831232652],[-122.395718500927,37.7979033207273],[-122.395691415822,37.7979105645265],[-122.395653128727,37.7979230929968],[-122.395610651889,37.7979395794666],[-122.395573095123,37.7979567161352],[-122.395547953075,37.7979680620244],[-122.393857953429,37.7989419067631],[-122.393845092249,37.7989470515274],[-122.393836522322,37.7989474319901],[-122.393831602249,37.7989467817964],[-122.3938248029,37.7989444592704],[-122.393817204051,37.7989395409381],[-122.393568836045,37.7986636148009],[-122.39356686065,37.79865829895],[-122.393565418854,37.7986498116172],[-122.393566869633,37.7986466280686],[-122.393572802107,37.7986389960693],[-122.393577611687,37.7986346945515],[-122.395313023865,37.7976416036668],[-122.39546723765,37.7975572089732],[-122.395506059243,37.797472259804],[-122.395434346734,37.7973987239479],[-122.395315950576,37.7973994217141],[-122.395147022387,37.7975021231658],[-122.395010942893,37.7973452961942],[-122.395191978576,37.7972411954399],[-122.395215655472,37.7971576946818],[-122.395186055085,37.7971280540692],[-122.395028203123,37.7971293857213],[-122.394857697492,37.797229703213],[-122.394889689194,37.797263022148],[-122.393223993469,37.7982538999188],[-122.393218462541,37.7982558725227],[-122.393208152577,37.7982573014006],[-122.393200155774,37.798255851228],[-122.393192759046,37.7982525817736],[-122.392933797208,37.7979795158057],[-122.39293187661,37.797973101802],[-122.392932080527,37.7979655208407],[-122.392933145929,37.79796045054],[-122.392938545702,37.7979537327282],[-122.392952042889,37.7979292528863],[-122.393181813973,37.7975125165301],[-122.393104741216,37.7974308616445],[-122.393481854871,37.7972127921034],[-122.393504357669,37.7972382524646],[-122.394140310991,37.7968681841009],[-122.393945182538,37.7966538608566],[-122.393863709834,37.7966928885856],[-122.393755700895,37.7965795660755],[-122.393894030669,37.7965120310438],[-122.393611472783,37.7962031668557],[-122.393536856919,37.7962420840871],[-122.393410494501,37.7961033604787],[-122.39349526043,37.7960621283659],[-122.393276873696,37.795836279816],[-122.393212437541,37.7958678197904],[-122.393027043232,37.7956596672099],[-122.393068637925,37.7956331777316],[-122.39301093105,37.7955657525714],[-122.391603902515,37.7962115593504],[-122.3912083186,37.7957811877564],[-122.392423300801,37.7948238041322],[-122.392280678877,37.7946761251133],[-122.39195351784,37.7948586900984],[-122.391662652335,37.7945521856735],[-122.39184155362,37.7944504796059],[-122.391815000319,37.7944225302179],[-122.391958793646,37.7943404637458],[-122.391874601741,37.7942517578291],[-122.391805139512,37.7941785708599],[-122.391802864079,37.7941761736483],[-122.391747182006,37.7942079450373],[-122.391680023057,37.7941371311023],[-122.391735857844,37.7941054761007],[-122.391685839649,37.7940528665698],[-122.391995053244,37.7938767018857],[-122.391602272971,37.7935326078847],[-122.39173694211,37.7934337973987],[-122.390825321878,37.7926674957479],[-122.38931196156,37.7913954515918],[-122.38882105741,37.7909827922198],[-122.388943404359,37.7908849537209],[-122.388625124067,37.7903182302871],[-122.388062636765,37.7905126301273],[-122.388025094373,37.7904364514843],[-122.388382663382,37.790312933003],[-122.388300063292,37.7901663005932],[-122.388334043864,37.7901556229442],[-122.38825693787,37.7900123594281],[-122.388232153351,37.790000715577],[-122.388089917702,37.7900434092154],[-122.385757199522,37.7909758629348],[-122.385752884914,37.7909774822053],[-122.385747196781,37.7909782879362],[-122.385741493378,37.790978498775],[-122.385735164746,37.7909777654534],[-122.385729255628,37.7909758331191],[-122.385725459348,37.7909742237871],[-122.385721337878,37.790971667455],[-122.385717484105,37.7909677942674],[-122.385714512478,37.7909631927271],[-122.385520961467,37.7905589042007],[-122.385519966134,37.790555224084],[-122.385520040694,37.7905522425079],[-122.385520250001,37.7905486624866],[-122.385521502253,37.7905447083483],[-122.385523949264,37.7905404965163],[-122.385527158944,37.7905367489583],[-122.385530108113,37.7905345553696],[-122.385534696708,37.790531859882],[-122.385571678551,37.7905150537241],[-122.385699272559,37.7904576945353],[-122.386251485829,37.7902666900112],[-122.386390127318,37.7902184514551],[-122.386900189838,37.790041948233],[-122.387386866517,37.7898734466459],[-122.38762052461,37.7897925691836],[-122.38740933967,37.7894040654949],[-122.387361286989,37.7893162516889],[-122.385511380036,37.7897614582388],[-122.385381180914,37.7897931080025],[-122.385374750773,37.7897942836075],[-122.385368765298,37.7897952142947],[-122.385363214608,37.7897955408517],[-122.385356006526,37.7897956558565],[-122.385349986915,37.7897952753467],[-122.385344259257,37.7897945327846],[-122.385338367207,37.7897931960309],[-122.385330338065,37.7897905828654],[-122.385322900913,37.7897876012584],[-122.385317564022,37.7897844677312],[-122.38531067574,37.7897794515319],[-122.385307602604,37.7897767581465],[-122.385303279911,37.7897721785392],[-122.385299714497,37.7897678239719],[-122.385296739277,37.7897631023827],[-122.385294363233,37.7897582523002],[-122.385120508683,37.7893307572984],[-122.385119826862,37.7893275499212],[-122.385119460349,37.7893249317699],[-122.385119516943,37.7893212352637],[-122.385119867286,37.7893172959679],[-122.385120511378,37.7893131124625],[-122.385121758239,37.7893089197279],[-122.385124628357,37.7893036280508],[-122.385128408467,37.7892986792603],[-122.385132801229,37.789294198301],[-122.385138696872,37.7892896924946],[-122.385144029272,37.7892867463629],[-122.385151021758,37.7892840110748],[-122.38515564359,37.7892826260378],[-122.385161246383,37.7892251906417],[-122.385819209328,37.7890810187625],[-122.387201605159,37.7887788485445],[-122.387062310594,37.7882337260667],[-122.386796181996,37.7882763206271],[-122.385284970448,37.7885243289715],[-122.385278067794,37.7885246782514],[-122.385272359,37.7885246505646],[-122.385267385927,37.7885240144775],[-122.385261047414,37.7885229233326],[-122.385256653754,37.7885214438623],[-122.385249675641,37.7885188129039],[-122.385245714969,37.7885166114461],[-122.385239607323,37.7885127743357],[-122.38523560982,37.7885091423915],[-122.385231292517,37.7885047998185],[-122.385227700154,37.7884993739091],[-122.38522433237,37.7884909620805],[-122.385139099318,37.788155186713],[-122.385138888214,37.7881492056188],[-122.385139906005,37.7881419168474],[-122.385142865954,37.7881342397477],[-122.385146468198,37.7881282210259],[-122.385152756405,37.7881214441064],[-122.385160431611,37.7881160756726],[-122.385171710857,37.7881106490248],[-122.385181690242,37.7881086008981],[-122.385212816867,37.7881031401735],[-122.386599139234,37.7878783435401],[-122.386722267717,37.7878582519558],[-122.387159279238,37.7877872352857],[-122.387191588045,37.7877817113539],[-122.387231042951,37.7877736870631],[-122.387271805803,37.7877638553001],[-122.387309850354,37.7877534697934],[-122.38735590069,37.7877389028206],[-122.387394617181,37.7877254071236],[-122.387413889637,37.7873665960317],[-122.387420438355,37.787245957578],[-122.387031214512,37.7872524250479],[-122.386806082329,37.7872665200127],[-122.384570188163,37.7874058835313],[-122.384560559122,37.7874053219772],[-122.384549375097,37.7874026391542],[-122.384544680501,37.787401163921],[-122.384532803875,37.7873949158322],[-122.384525602979,37.7873895729031],[-122.38451909738,37.7873816628684],[-122.384515661324,37.7873764725731],[-122.384513869185,37.7873710167639],[-122.384512379778,37.7873655566946],[-122.384511176036,37.7873536533021],[-122.384357230847,37.7857803482748],[-122.384354613156,37.7857541612409],[-122.38435446224,37.7857482019606],[-122.384354954516,37.785743902532],[-122.384355890561,37.7857393574621],[-122.384357574004,37.7857346803421],[-122.38435999676,37.7857295154892],[-122.384365959777,37.7857217891526],[-122.384370356132,37.7857174265374],[-122.384376109841,37.7857132818751],[-122.384381437749,37.7857100970591],[-122.384391839342,37.7857056378906],[-122.384400200861,37.7857035975067],[-122.384406641781,37.7857028982102],[-122.387229990125,37.7855302910428],[-122.387267825368,37.7855294469153],[-122.387302627001,37.7855274590627],[-122.387336784541,37.7855238127729],[-122.387365844142,37.7855204866692],[-122.387425360225,37.7855097572327],[-122.387494022055,37.7854924437399],[-122.387551518725,37.7854731629774],[-122.387578282232,37.7854622425581],[-122.387594302787,37.7854424335863],[-122.387644457526,37.7848695003344],[-122.385471696958,37.7849985896823],[-122.385428027157,37.7846118853772],[-122.387242142534,37.7845058803254],[-122.387429640697,37.7844845056412],[-122.387463261943,37.7844791979995],[-122.387512826489,37.7844684464032],[-122.387568266017,37.7844524098804],[-122.387610989892,37.7844367183936],[-122.387650234592,37.7844202835774],[-122.387687500303,37.7844014093412],[-122.387723050232,37.7838810287427],[-122.386300505996,37.7839642257325],[-122.386249910184,37.7834108839422],[-122.386792902247,37.7833793329706],[-122.38728277603,37.7833508731874],[-122.387538833615,37.7833361150752],[-122.387552568856,37.7833342116498],[-122.387709621317,37.7832831663209],[-122.38776500964,37.7832512808993],[-122.387781246689,37.7830071057447],[-122.387790032213,37.7828730147094],[-122.387564075376,37.7828065015807],[-122.387544016894,37.78280303549],[-122.387517952276,37.7827996659555],[-122.387485348821,37.7827962609221],[-122.387460044178,37.7827949822596],[-122.387436961967,37.7827946918804],[-122.387415675488,37.7827945704749],[-122.387393603881,37.7827953450561],[-122.387339262095,37.7827988793047],[-122.384773930561,37.782945233115],[-122.384762741146,37.782944311571],[-122.38475507133,37.7829414880116],[-122.384750215936,37.7829381994202],[-122.384746416961,37.7829347539248],[-122.384742763513,37.7829300432586],[-122.384741048629,37.7829251614887],[-122.384740238348,37.7829211075464],[-122.384702538751,37.7826333310283],[-122.384692883658,37.78255928697],[-122.384692801911,37.7825560622595],[-122.3846938745,37.7825495929586],[-122.384696575734,37.782544640166],[-122.384699314697,37.7825410895758],[-122.384705019898,37.7825360899242],[-122.384711999807,37.7825326117511],[-122.38471807152,37.7825304995721],[-122.384729943655,37.7825293792297],[-122.385347313529,37.7824901935043],[-122.386056959247,37.7824450396917],[-122.386923811039,37.782389792102],[-122.387521770116,37.7823518878126],[-122.387551204315,37.7823487511303],[-122.38757978691,37.7823468916981],[-122.387614513983,37.7823365167899],[-122.387703256753,37.7823097087247],[-122.387801285408,37.7822798058532],[-122.387778938917,37.7819568600342],[-122.387773795164,37.7818817041759],[-122.387768256152,37.781800778918],[-122.385586286954,37.781939704745],[-122.385578299135,37.7819404594558],[-122.385572292101,37.7819405553033],[-122.385567331604,37.7819400732256],[-122.385562176172,37.7819388939458],[-122.385557717833,37.781937282287],[-122.385552693556,37.7819342769337],[-122.385548363676,37.7819308392013],[-122.38554471472,37.7819262690475],[-122.385542847122,37.7819223712464],[-122.385541425987,37.7819151010303],[-122.385525541977,37.781783648442],[-122.385521068366,37.7817466909601],[-122.385503939291,37.781607964986],[-122.385503994088,37.7816031960165],[-122.38550614196,37.7815972704809],[-122.385508185627,37.7815942913832],[-122.385512831714,37.7815893087071],[-122.385518045535,37.781585858889],[-122.38552346058,37.7815833881403],[-122.385528029412,37.7815823331022],[-122.385532078119,37.7815817068952],[-122.385581483662,37.781578673128],[-122.385628776369,37.7815759531743],[-122.386368655786,37.7815317168148],[-122.387163590253,37.7814842095225],[-122.387600494874,37.7814581402441],[-122.387642135381,37.7814555097442],[-122.387547614647,37.7804443230281],[-122.387404963078,37.7789100415195],[-122.387377731548,37.7786173296996],[-122.387374628767,37.7785820427178],[-122.38735417323,37.7783648135876],[-122.38735153398,37.7783304921076],[-122.387518298127,37.778321369105],[-122.387520391202,37.7783411132438],[-122.387705242928,37.7783413794999],[-122.387637881858,37.778214624423],[-122.388149966486,37.7780188076943],[-122.388474969769,37.7778946592604],[-122.388756722765,37.7777862120403],[-122.389159250657,37.7776322060356],[-122.389636489635,37.777448949527],[-122.3899021556,37.7773473491436],[-122.390025882361,37.7772997795198],[-122.390175339566,37.7772425407188],[-122.390423494672,37.7771472514898],[-122.390362338266,37.7770981580163],[-122.390125512713,37.7768123142534],[-122.389870930161,37.7765061020619],[-122.389824312988,37.7765084146427],[-122.389833234157,37.7765968045933],[-122.388675568962,37.7766643869385],[-122.388040901129,37.7767071223628],[-122.387705229453,37.7767243555499],[-122.387624156499,37.7767671527122],[-122.387488713012,37.7767278219256],[-122.387390298081,37.7766760407012],[-122.38731994113,37.776552668919],[-122.38732168476,37.7763273592993],[-122.38711278693,37.7763366316555],[-122.387091981948,37.7761057546807],[-122.385037591487,37.7763315279191],[-122.38483761303,37.7754057917703],[-122.384901474264,37.7753902098399],[-122.38489269413,37.775329481818],[-122.387010480497,37.7750881696786],[-122.386934234191,37.7743313210468],[-122.381824271902,37.7746204342518],[-122.381480421066,37.7719255420043],[-122.384748050996,37.7733743944349],[-122.384852922119,37.7733878032843],[-122.386774529903,37.773281633022],[-122.386582847388,37.7728434371223],[-122.38661029092,37.7728015117843],[-122.386728451719,37.7727769916565],[-122.386665875076,37.7724765817974],[-122.386729428188,37.7724413131866],[-122.386703861236,37.7723700644207],[-122.386643957082,37.7723713595952],[-122.386608316423,37.7722002586088],[-122.386557804154,37.7719577596573],[-122.386450727667,37.7719441666384],[-122.386477366309,37.7716835072544],[-122.386429873278,37.7716842670403],[-122.386433568947,37.7716427216482],[-122.386385884575,37.771635941797],[-122.386394330536,37.7715943203991],[-122.386361180007,37.7715986220709],[-122.386355760471,37.7715723085887],[-122.386393372931,37.7715566207584],[-122.386405417543,37.7714696840012],[-122.386300645235,37.7714600467623],[-122.386299401068,37.7714110368525],[-122.38622797063,37.7714046368745],[-122.386199257778,37.7713511299691],[-122.386140854708,37.7713419159246],[-122.386096770784,37.771289819911],[-122.386165512565,37.7712669949633],[-122.386098744383,37.7711804157486],[-122.386032827804,37.7712040985056],[-122.386060462677,37.771169713344],[-122.38590892677,37.7710024206134],[-122.385936153808,37.7708119274895],[-122.385848357862,37.77067527079],[-122.385806093026,37.7706948032338],[-122.385810568433,37.7712453693414],[-122.385634546248,37.7721721992647],[-122.385567672065,37.7721581830801],[-122.385697195654,37.7714583865894],[-122.385539893461,37.7714382734997],[-122.385480640585,37.7715372802643],[-122.385350721737,37.7716600454859],[-122.38529790529,37.7716382616309],[-122.38564009604,37.7708935769953],[-122.385685099839,37.7707947980174],[-122.385720605751,37.7706961708668],[-122.385737018869,37.7705940790517],[-122.385557599256,37.7706384355707],[-122.38316353243,37.76972251982],[-122.383391338898,37.7693379596402],[-122.385588857933,37.7701853567544],[-122.385508372476,37.7700093837088],[-122.385494376724,37.7698323486479],[-122.38503751513,37.7688666110259],[-122.384900075587,37.7688801236583],[-122.384799449004,37.7686592153488],[-122.385021223284,37.7685990960434],[-122.385019692555,37.768538776438],[-122.38505762302,37.7685050646423],[-122.385021859292,37.7684369124305],[-122.385099679446,37.768401908895],[-122.385062208919,37.7683419796905],[-122.385184633123,37.768298534999],[-122.38515240696,37.7681519625905],[-122.384715871546,37.7681740286777],[-122.384637495334,37.7680809951577],[-122.38389265003,37.7681230737166],[-122.383849941427,37.7677503783948],[-122.382474331469,37.7678364702245],[-122.382456644539,37.7677009797218],[-122.384904107226,37.7675411808529],[-122.38487795637,37.7672151703767],[-122.384862411922,37.7670213817475],[-122.382865360926,37.7671438143172],[-122.382813637728,37.7667901213309],[-122.385873308569,37.7666054347335],[-122.385952952304,37.7663740998726],[-122.385922256871,37.7662878465609],[-122.386004962962,37.766177150367],[-122.386329216152,37.7656628104483],[-122.386541636276,37.7654218069175],[-122.38656183759,37.7652819382276],[-122.386490700003,37.7652868481479],[-122.386453052507,37.7651139618015],[-122.386447801855,37.7649368006875],[-122.386500216755,37.7649133183147],[-122.38652108911,37.7647998398402],[-122.38650253351,37.7646304192983],[-122.386459603022,37.7646235635285],[-122.386460824731,37.7645660123908],[-122.387930444282,37.7644813107774],[-122.390854682415,37.7643128283256],[-122.392501169465,37.764214870725],[-122.3937607108,37.7641374136888],[-122.39475040002,37.7640785874475],[-122.398547682032,37.763834056382],[-122.398600692515,37.7638306419532],[-122.401506317556,37.7636407354089],[-122.404403104073,37.763458052118],[-122.404493026331,37.7634529240573],[-122.404494908302,37.7634731096248],[-122.404495211932,37.7634759502614],[-122.404633219211,37.7647674323001],[-122.404777181422,37.7660102710021],[-122.404783486697,37.7660647113379],[-122.404783699598,37.7660668729867],[-122.404792553393,37.7661568384236],[-122.404891330345,37.7671605980946],[-122.404900743791,37.7672633515137],[-122.404908056077,37.7673431856052],[-122.4050159132,37.7684373981468],[-122.405021506111,37.7685207183246],[-122.405025786584,37.7685844777182],[-122.405028095254,37.768618864082],[-122.4050936561,37.7692879271953],[-122.405109584128,37.7694538412367],[-122.40512426799,37.7696005367525],[-122.405133431704,37.7696949679669],[-122.40513506574,37.7697118001621],[-122.405145540096,37.7698195477079],[-122.405965833104,37.7697682722059],[-122.406140386544,37.7697571350165],[-122.406380660729,37.769741804691],[-122.406403900146,37.7696632222544],[-122.406457596044,37.7694816601779],[-122.40645908545,37.7694810999079],[-122.406494465598,37.7694677897642],[-122.406537395187,37.7694550789441],[-122.406575720012,37.7694455884337],[-122.406622332694,37.7694359637127],[-122.406662894324,37.7694292994058],[-122.406695233674,37.7694253427174],[-122.406748746315,37.7694222267896],[-122.406838123296,37.7694170217414],[-122.406950292332,37.7694098362178],[-122.40717214836,37.7693956235213],[-122.407685145676,37.7693645224535],[-122.408029988252,37.7694098021329],[-122.408349086909,37.7693922959818],[-122.408349252199,37.7693922775191],[-122.408349336641,37.7693922576362],[-122.40863729969,37.7693100973287],[-122.409552387419,37.7693226633127],[-122.410069949973,37.76944542369],[-122.410949742894,37.7695599047995],[-122.411588046209,37.7696280339632],[-122.411588479197,37.7696280801198],[-122.411589472734,37.7696281085238],[-122.412383543919,37.7696507294686],[-122.412967696789,37.7696673671066],[-122.412974267965,37.7696674437973],[-122.413046019102,37.7696682731938],[-122.413313109796,37.7696765373336],[-122.413413640259,37.7696798726714],[-122.413458032305,37.7696813454179],[-122.41398561377,37.7696960863735],[-122.414036227548,37.7696974888198],[-122.414192558662,37.7697018452796],[-122.414674179622,37.7697163171035],[-122.414861932008,37.7697203596983],[-122.415356770779,37.7697349082092],[-122.415382997992,37.7697356793769],[-122.415384189158,37.7697357141717],[-122.415682330119,37.7697789748134],[-122.416520937081,37.7698919066837],[-122.417558956562,37.7700316828635],[-122.417713032904,37.7700566974183],[-122.417959379701,37.7700975186939],[-122.417974785808,37.7700997590454],[-122.41971375801,37.7703525994968],[-122.419714304186,37.7703526790272],[-122.420255985607,37.7701423455938],[-122.420317916361,37.7701182975078],[-122.420318037634,37.7701182833058],[-122.420320814326,37.7701179658932],[-122.420544976329,37.770092305172],[-122.42154575076,37.7700322211163],[-122.421666078295,37.7700253956713],[-122.422007004217,37.7700050705831],[-122.422246257916,37.7699908061639],[-122.422318336938,37.7699863907831],[-122.422390531843,37.7699819683011],[-122.422530722926,37.7699731964763],[-122.423101214217,37.7699391657908],[-122.423148965064,37.7699365483729],[-122.423237632376,37.7699316891781],[-122.423776231677,37.7698993726489],[-122.42385181862,37.7698943693019],[-122.423914369212,37.7698902287232],[-122.424375394497,37.7698629460595],[-122.424462944305,37.7698577644755],[-122.424494805751,37.7698557790418],[-122.424746107655,37.7698401164108],[-122.425630837717,37.7697875890194],[-122.425788584576,37.7697782221088],[-122.426413635046,37.7697492657007],[-122.426415745189,37.7697491669969],[-122.425233655699,37.7706821572427],[-122.425025274401,37.7708485744489],[-122.424940188673,37.7709152872205],[-122.424708558975,37.7710969004536],[-122.424335198482,37.7713896392094],[-122.423915699617,37.7717220496953],[-122.423774234723,37.7718341456755],[-122.423522586967,37.7720338692975],[-122.423512267121,37.7720420607451],[-122.423451426024,37.7720903480889],[-122.423373081253,37.7721525259061],[-122.423163488127,37.7723178839225],[-122.422567428987,37.7727881354918],[-122.422323672931,37.7729810178734],[-122.422251428619,37.7730386057765],[-122.422055223086,37.7731950029113],[-122.421955102255,37.7732727614693],[-122.421930516264,37.7732918565371],[-122.421683510103,37.7734873712284],[-122.421427816336,37.7736897609245],[-122.421298737413,37.7737914124885],[-122.421278095924,37.7738076664725],[-122.421240402615,37.7738375060256],[-122.420965878362,37.7740548286956],[-122.420869646337,37.7741306691959],[-122.420595115797,37.7743473902978],[-122.420480524902,37.7744378519292],[-122.420201651906,37.7746582871217],[-122.419644801532,37.7750984469075],[-122.419616273734,37.7751208190823],[-122.41932697489,37.7753476966086],[-122.419235611734,37.7754203455529],[-122.419213797046,37.7754376926471],[-122.419140551112,37.7754959368472],[-122.418987002979,37.7749663871761],[-122.418806409268,37.7743435581322],[-122.418516731335,37.7734351680867],[-122.418468627449,37.7734336648822],[-122.417329336395,37.7743366634997],[-122.41722377357,37.7744128921105],[-122.417124386662,37.7744846607972],[-122.416120062987,37.775279730345],[-122.415924311104,37.7754350747137],[-122.415018246054,37.7761540990137],[-122.414724735009,37.7763870150586],[-122.414249305239,37.7767642898651],[-122.414184751404,37.7768155157835],[-122.41404956753,37.7769227879079],[-122.413372415672,37.7774573633225],[-122.413170021646,37.7776171407615],[-122.412469925019,37.7781698130674],[-122.412369340656,37.7782492171834],[-122.411341637429,37.7790604855845],[-122.410945859477,37.7793734216071],[-122.410945704069,37.7793773664031],[-122.409238780163,37.7807231408512],[-122.409158670203,37.7807862990083],[-122.408919639285,37.7809747493485],[-122.408715448628,37.7811331077256],[-122.40869047187,37.781113194645],[-122.402184545596,37.786265077216],[-122.402200556269,37.7862779342335],[-122.403556911737,37.7873670006916],[-122.403596742138,37.7877714188501],[-122.403838626105,37.7875802838549],[-122.404626437829,37.7869577499316],[-122.404752851451,37.7868580056084],[-122.404966876864,37.7866891318538],[-122.405998855174,37.7858734603357],[-122.406148241412,37.785758369086],[-122.406222861768,37.7857008805445],[-122.406363419364,37.7855925910262],[-122.407514630164,37.7846823030565],[-122.407696396177,37.7845388691888],[-122.407700368527,37.7845347095514],[-122.407752810376,37.7844797929439],[-122.407755188217,37.7844914902018],[-122.407778362056,37.7846054872519],[-122.407955641883,37.7854775454857],[-122.408322525523,37.7872559306861],[-122.408335791843,37.7872538718869],[-122.408336346103,37.7872537859852],[-122.408546826764,37.7872268469465],[-122.40975142534,37.7870726682197],[-122.40986793773,37.7870587265633],[-122.409936912174,37.7870512168953],[-122.409987492715,37.7870457106567],[-122.410419691063,37.7869902166095],[-122.411390623459,37.7868655436935],[-122.411600695387,37.7868409842146],[-122.411625964996,37.7868380294661],[-122.411863025908,37.7868078863389],[-122.412287155588,37.7867539539714],[-122.41235412589,37.7867459331186],[-122.412374337984,37.786743511528],[-122.412476225802,37.7867305289328],[-122.41303906704,37.7866588104717],[-122.413275769524,37.7866290137206],[-122.414688275087,37.7864514384369],[-122.414694815721,37.7864506007095],[-122.414802107803,37.7864369734386],[-122.414807237183,37.7864360583277],[-122.414919581391,37.7864160323756],[-122.416324142254,37.786238948569],[-122.416552950343,37.7862102357282],[-122.416556694521,37.7862097586479],[-122.417962597467,37.7860282407558],[-122.418184136389,37.7860008426473],[-122.418478257389,37.7874878334682],[-122.418771806163,37.788906585775],[-122.419122429398,37.7907893789534],[-122.419484645392,37.7925968705841],[-122.419652059022,37.7933796959486],[-122.419858915879,37.7943469384033],[-122.420233296858,37.7961005793029],[-122.420621237907,37.798029256258],[-122.42101259435,37.7999149557438],[-122.421373355073,37.8018369185713],[-122.421739445501,37.803615725558],[-122.421897394481,37.8044664368145],[-122.421937135051,37.8044609432301],[-122.42232156728,37.8044115272133],[-122.422535364521,37.8043840457812],[-122.423292226589,37.8042880540997],[-122.423342015713,37.8042817393014],[-122.423342888876,37.8042816150921],[-122.425314046833,37.8040136817549],[-122.4253552283,37.8042168225473],[-122.42552509433,37.8050542827642],[-122.425665806437,37.8057480462416],[-122.425714420565,37.8059877259207],[-122.425824989702,37.80651788372],[-122.426076862036,37.8067955669392],[-122.426126376276,37.8068501539642],[-122.426133611307,37.8068434866429],[-122.426137369858,37.8068466606116],[-122.426164884357,37.8068281732359],[-122.426205123492,37.8068210538065],[-122.426269640496,37.8067708501345],[-122.426294328895,37.8067750965282],[-122.4263056836,37.8067988047867],[-122.426329540159,37.8068137044198],[-122.426307809014,37.8068769957107],[-122.426337341129,37.8068772788978],[-122.426391322691,37.8068863919875],[-122.42643108482,37.8068894218767],[-122.426579798221,37.8069286954462],[-122.426597857053,37.806913329536],[-122.426634727505,37.8069774901745],[-122.426653561584,37.8069826549616],[-122.426678652428,37.8070391475021],[-122.426726426631,37.8070838214057],[-122.426739327337,37.8071612015053],[-122.426788057348,37.8072227550576],[-122.426712553948,37.8073761195408],[-122.426721386184,37.8074004003643],[-122.426721402354,37.8074230438166],[-122.426720901094,37.8074492955636],[-122.426760953379,37.8075305830865],[-122.426799780362,37.8075801020571],[-122.426846056176,37.8076201623555],[-122.426838618125,37.8076684811048],[-122.426871241343,37.8076980053497],[-122.426891102196,37.8077245912837],[-122.426881318644,37.8077269476008],[-122.426695795877,37.8077716210883],[-122.42675426093,37.8079629103795],[-122.4266830928,37.8080362959012],[-122.426696163288,37.8081009481171],[-122.426703380353,37.8081366454219],[-122.426733012181,37.8081287163166],[-122.426723480157,37.8081393729148],[-122.426742494797,37.8082273992674],[-122.426755557199,37.8082878724336],[-122.426806294945,37.8085228312862],[-122.426829320562,37.8086294576672],[-122.426826606752,37.808688411693],[-122.426825579079,37.8087107481493],[-122.426842268879,37.8088160754647],[-122.426843144736,37.8088216056308],[-122.426843232771,37.8088239328143],[-122.426847652482,37.8089413138943],[-122.426841034594,37.8089681115876],[-122.426847059594,37.8089827318622],[-122.426862887909,37.8090211341997],[-122.426840934881,37.8090642022246],[-122.426837835693,37.8090702816963],[-122.426822472705,37.8092109447465],[-122.426795082173,37.8093390398335],[-122.426766999041,37.8094404564186],[-122.426724656052,37.8095560302901],[-122.426677715485,37.8096635572275],[-122.426608167017,37.8098016237231],[-122.426525398044,37.809937585662],[-122.426368199157,37.8101362659497],[-122.426275694242,37.8102352528124],[-122.426232826637,37.8102742478157],[-122.426184110999,37.8103133371898],[-122.426162841588,37.8103392146024],[-122.426116988881,37.8103759370638],[-122.426003503813,37.8104555386478],[-122.425934469182,37.8105007626369],[-122.425881126322,37.8105306441515],[-122.425803167827,37.8105702117321],[-122.42572521023,37.8106097778722],[-122.425571737555,37.8106703058638],[-122.425531101365,37.8106825731271],[-122.425475934925,37.8106985592453],[-122.425388872902,37.8107255095972],[-122.425288505034,37.8107489007687],[-122.425247296617,37.8107584931411],[-122.425142332968,37.8107752584987],[-122.425045682328,37.8107874270956],[-122.42491312423,37.8107968377787],[-122.42488804147,37.8108050518988],[-122.42486186636,37.8107982316385],[-122.42479231879,37.810798809338],[-122.424762030294,37.8107959584548],[-122.424730353002,37.8107936888195],[-122.424692280604,37.8107887350813],[-122.42465984154,37.8107842476187],[-122.424637250708,37.8107801561712],[-122.42461040186,37.81077446221],[-122.424587065426,37.810768711472],[-122.42456371372,37.8107624029055],[-122.424536837025,37.8107555947061],[-122.424516294351,37.8107492400077],[-122.424497143168,37.81074230477],[-122.424475884536,37.8107354050168],[-122.424443215505,37.8107220022338],[-122.42442081242,37.8107251540349],[-122.424414730825,37.8107074149501],[-122.424404781983,37.8107031176836],[-122.424368239416,37.8106758401492],[-122.42433470351,37.8106290038149],[-122.424317509755,37.8105891467054],[-122.424312000388,37.8105663814448],[-122.424311408398,37.8105435352704],[-122.424317767572,37.8105177870962],[-122.424326306059,37.810494792578],[-122.424349304726,37.8104604129211],[-122.424362375214,37.8104496076191],[-122.42437888535,37.8104359585156],[-122.424398262909,37.8104244938912],[-122.424423975388,37.8104134820589],[-122.424458102385,37.8104017754205],[-122.42448615228,37.8103996462954],[-122.4245149352,37.8103986186377],[-122.42454803183,37.8104014234052],[-122.424593373396,37.8104157353826],[-122.424609012167,37.8104227267179],[-122.424626129564,37.8104324823656],[-122.424646142232,37.8104455338957],[-122.424671432502,37.8104724367895],[-122.424686730812,37.8104933717436],[-122.424692811508,37.8105111108799],[-122.424697473764,37.8105283163121],[-122.424699355735,37.8105466814015],[-122.424699702484,37.8105600551183],[-122.424700049234,37.8105734288327],[-122.424703146625,37.8105845272253],[-122.424711965386,37.8105994339013],[-122.424725671881,37.8106131468482],[-122.424741368144,37.8106223680619],[-122.42475699344,37.810628802968],[-122.424772518125,37.810631336619],[-122.424791510306,37.8106321414258],[-122.424856901371,37.8106338617535],[-122.424981596516,37.8106268888905],[-122.425170190623,37.8106031052127],[-122.425298057719,37.8105753741388],[-122.425406140319,37.8105453613465],[-122.425509133963,37.8105123486094],[-122.425745960414,37.810407399859],[-122.425917536837,37.8102991238421],[-122.425989134362,37.8102399326397],[-122.426044149885,37.810218147381],[-122.42605649633,37.8101866142439],[-122.426261491878,37.8099697470012],[-122.426444392463,37.8096905767995],[-122.426513581604,37.8095385904249],[-122.426573607032,37.8093716691376],[-122.426611790821,37.8092085842185],[-122.426633784274,37.8090599488653],[-122.426634997,37.8089192585579],[-122.426652455757,37.808802929963],[-122.426628142854,37.8088242145745],[-122.42662337819,37.8087297914776],[-122.42653212373,37.8081573432788],[-122.426501395958,37.808169210672],[-122.426486514467,37.8080558028577],[-122.426451413695,37.8078991586932],[-122.426371292057,37.8076636939446],[-122.426340740354,37.8075903194084],[-122.426301741792,37.8075505749261],[-122.426130893005,37.8076456517772],[-122.42601856856,37.8075164664371],[-122.425961150044,37.8075460972031],[-122.426086343754,37.8076849547534],[-122.426057537477,37.8076978463692],[-122.425800448626,37.8074110123542],[-122.42582431866,37.8073987601616],[-122.425908772873,37.807484259316],[-122.425946465284,37.807462361106],[-122.426137077008,37.8073510856777],[-122.426027877802,37.8072611043702],[-122.425958387725,37.8072082557999],[-122.425810115397,37.8071064968934],[-122.425671879048,37.807023515462],[-122.425603469644,37.8069860155862],[-122.425524765547,37.8069451515163],[-122.425465788454,37.8069164481418],[-122.425383902524,37.8068788779471],[-122.425342993246,37.8068613898968],[-122.42528905121,37.8068390883682],[-122.425278131289,37.8068342408261],[-122.425197033182,37.8068034670883],[-122.425153305889,37.806787645497],[-122.425125669219,37.8067777204489],[-122.425112485544,37.8067735599342],[-122.425022018907,37.8067439104048],[-122.424989914017,37.8067337348113],[-122.424879143657,37.8067024720181],[-122.424791689071,37.8066800142978],[-122.424748528615,37.8066689394496],[-122.424672486226,37.8066518622916],[-122.424607686253,37.8066389236501],[-122.424538885184,37.8066292391855],[-122.42450259684,37.8066244810574],[-122.424455679629,37.8066195731729],[-122.424398650982,37.8066147760083],[-122.424341662758,37.8066115445403],[-122.424296260107,37.8066098539282],[-122.424242919942,37.8066094273716],[-122.42418859702,37.8066104749549],[-122.42413451305,37.806612816403],[-122.424085154219,37.8066162153706],[-122.424043560425,37.8066196512448],[-122.424019724527,37.8066223092387],[-122.424010350607,37.8066232723622],[-122.423976535325,37.806627228479],[-122.423901421794,37.8066394233103],[-122.423875603314,37.8066431402422],[-122.423801413251,37.8066581300441],[-122.423751043815,37.8066698131448],[-122.423719723154,37.8066775067718],[-122.423668317062,37.8066981312242],[-122.423592836121,37.8067275933996],[-122.423500429122,37.8067658996751],[-122.423445292327,37.8067897356903],[-122.423369932658,37.8068238580002],[-122.423289122011,37.8068622273928],[-122.423261202372,37.8068759161927],[-122.423216522865,37.8068986989153],[-122.423178740622,37.8069179669893],[-122.423138790745,37.8069394125456],[-122.423092737714,37.8069643613794],[-122.423025889582,37.8070021252899],[-122.422950181366,37.8070473421675],[-122.422897164595,37.807079462181],[-122.422864469512,37.8070988984162],[-122.422822039386,37.8071226534136],[-122.42276286107,37.8071621830751],[-122.422713831022,37.8071948665715],[-122.422665577118,37.8072269077398],[-122.422659797357,37.8072306565805],[-122.4226229296,37.8072545726461],[-122.422583405524,37.807280170784],[-122.422564817584,37.8072923200843],[-122.422561068915,37.8072947757786],[-122.422509397819,37.8073297715424],[-122.422467086271,37.8073581873125],[-122.422450854612,37.8073692897371],[-122.422427439126,37.807385172951],[-122.422390769896,37.8074105985775],[-122.422367522395,37.8074268558138],[-122.422346945585,37.8074419370128],[-122.422322753056,37.8074584625227],[-122.422298103285,37.8074757517054],[-122.422276586837,37.8074913517116],[-122.422252422156,37.8075090106591],[-122.422224552823,37.8075289258531],[-122.422217038415,37.8075345022484],[-122.42221183178,37.8075382489441],[-122.422186291778,37.8075568965423],[-122.422170485921,37.8075684517483],[-122.42216171477,37.8075748280126],[-122.422152855585,37.8075815939211],[-122.422137829465,37.8075929035548],[-122.422112783537,37.8076116987641],[-122.422093328722,37.8076264293161],[-122.422068090555,37.8076453834974],[-122.422051425908,37.807657887605],[-122.421991357361,37.8077046009106],[-122.421936297821,37.8077474929797],[-122.421878484046,37.8077940912518],[-122.421844812494,37.8078210518904],[-122.421820189672,37.8078410095842],[-122.421787401164,37.807867956011],[-122.421766637505,37.8078852791649],[-122.421746935654,37.8079018833559],[-122.421739246973,37.8079083199186],[-122.421732995597,37.8079134079894],[-122.421716845685,37.8079268382521],[-122.421715117327,37.8079283464328],[-122.421682722281,37.8079553645106],[-122.421664272682,37.8079710140967],[-122.421651299212,37.807981976612],[-122.421632746307,37.8079973941103],[-122.421620451964,37.8080080351134],[-122.421616223594,37.8080116100302],[-122.421589501409,37.8080339381745],[-122.42157335509,37.8080475252657],[-122.42156797508,37.8080521314197],[-122.421563360434,37.8080559462234],[-122.421550824444,37.8080664282383],[-122.421544719494,37.8080763091099],[-122.421384580421,37.8082366683309],[-122.421313997993,37.8083072224737],[-122.421293918849,37.8083291310791],[-122.421280310271,37.8083439473652],[-122.421258605177,37.8083673584538],[-122.421249188138,37.8083777588059],[-122.42123290797,37.8083952585624],[-122.421211781391,37.8084182721873],[-122.421196930443,37.8084342737001],[-122.421176186547,37.8084569693551],[-122.421149062815,37.808486445733],[-122.421134399615,37.8085021342416],[-122.421115082243,37.8085232542832],[-122.421093766119,37.8085465027876],[-122.421073961861,37.8085677094031],[-122.421066010872,37.8085554176577],[-122.421115284364,37.8088083664466],[-122.421508266758,37.8091383574083],[-122.421461629821,37.8091683785794],[-122.422899395112,37.8102239471319],[-122.422856750289,37.8102606000992],[-122.421379656755,37.8091661536065],[-122.421224113464,37.8091947808763],[-122.421049200698,37.8089622017311],[-122.420957231179,37.8089725281884],[-122.420924143532,37.8088023820564],[-122.42087092464,37.8088003054046],[-122.420730972509,37.8089036645312],[-122.4207723013,37.8090911098801],[-122.420705902326,37.8090882447365],[-122.420694427246,37.8090292328327],[-122.420588216735,37.8090257012582],[-122.420434044273,37.8090268957196],[-122.420372242876,37.809009484828],[-122.420398582379,37.8089380179434],[-122.420681336996,37.808961159859],[-122.420653632953,37.8087934459243],[-122.420648103822,37.8087613607231],[-122.420554197535,37.8087732883457],[-122.420475153875,37.8083082317076],[-122.419237115514,37.8084576159165],[-122.419296963973,37.8087384139191],[-122.41791532632,37.8086432838262],[-122.41793556716,37.8088274317511],[-122.418023199612,37.808845439563],[-122.418907716774,37.8088407674543],[-122.418907223599,37.8087659036671],[-122.418944608786,37.8087630087025],[-122.418948619764,37.8088858362934],[-122.419961216023,37.8089076389785],[-122.419952576027,37.8091306832002],[-122.419096574087,37.8090960332142],[-122.419089368701,37.8091623282144],[-122.418899034557,37.8090888366438],[-122.41837196603,37.8090741276751],[-122.418327580272,37.8091496000899],[-122.418982807847,37.8094017917035],[-122.41894553944,37.8094538651119],[-122.417910668555,37.8090344514151],[-122.417442614851,37.8089330236266],[-122.41742814389,37.8091693374114],[-122.419304139715,37.8104089271513],[-122.419327009924,37.8103862221602],[-122.41984593163,37.8107388137305],[-122.419822965301,37.81075779834],[-122.420611961903,37.8112734809195],[-122.420366450539,37.8115156890599],[-122.420024368486,37.811289251161],[-122.420008704562,37.8112882660977],[-122.419861037699,37.8113229264102],[-122.419962837482,37.8115706458964],[-122.419927109687,37.8115799124111]]],[[[-122.371934892314,37.8319833531706],[-122.371850974395,37.8319638213186],[-122.371835196385,37.8319640717725],[-122.371808000788,37.831958541921],[-122.371787485962,37.8319591265499],[-122.371779917656,37.8319476617207],[-122.371751909982,37.8319397600053],[-122.371722579988,37.831939033476],[-122.371686983347,37.831928272469],[-122.371625754177,37.8319143406983],[-122.371590834865,37.8319005884287],[-122.371530460891,37.8318908164617],[-122.371478968561,37.8318755373396],[-122.371463146534,37.8318740005585],[-122.371404951873,37.8318612132043],[-122.371381467217,37.8318538358017],[-122.371327659928,37.831836210348],[-122.371305968309,37.8318312026807],[-122.371279171564,37.831820885097],[-122.371261171122,37.8318223629906],[-122.371224898948,37.8318145925197],[-122.371206823946,37.8318130912124],[-122.371185623705,37.8318068702942],[-122.371148675099,37.8318020910848],[-122.371135677375,37.831793355688],[-122.371117526915,37.8317888744689],[-122.371088166378,37.831786955264],[-122.370909707962,37.8317438855959],[-122.370872473692,37.8317277848386],[-122.370833903627,37.8317182625939],[-122.370731113002,37.8316954520554],[-122.370707552887,37.8316850961396],[-122.370679686249,37.8316812030925],[-122.370652408905,37.8316740484561],[-122.370623049267,37.8316721292482],[-122.370602584746,37.8316653002731],[-122.370584433388,37.8316608197557],[-122.370569242876,37.8316545037511],[-122.370540558771,37.8316495932735],[-122.370516368039,37.8316440158617],[-122.37048467817,37.8316391529202],[-122.370466437878,37.8316310972094],[-122.37044895307,37.8316291162734],[-122.370429505442,37.8316269139722],[-122.370377426512,37.8316182012589],[-122.370363156774,37.8316201758095],[-122.370333702812,37.8316129338981],[-122.370229093997,37.8315776332062],[-122.370193300625,37.8315724147984],[-122.370174672261,37.8315653814768],[-122.370156504732,37.8315581189843],[-122.370129213016,37.8315488237593],[-122.370115012448,37.8315436117351],[-122.370071371393,37.8315297111098],[-122.37004994298,37.8315240414533],[-122.369997769727,37.8315151399994],[-122.36998358443,37.8315105012532],[-122.369969606644,37.8314998501571],[-122.369943252769,37.8314991229139],[-122.369924435758,37.8314968454012],[-122.36990700395,37.8314922584476],[-122.369888518418,37.8314888308261],[-122.369849565671,37.8314748549829],[-122.369832162609,37.8314714117514],[-122.369777725601,37.8314585406057],[-122.369760999869,37.8314533683074],[-122.369730527218,37.831446698951],[-122.36969200656,37.8314355774431],[-122.369661283279,37.831433202726],[-122.369643547841,37.8314309088926],[-122.369589088375,37.8314171792372],[-122.369553632769,37.8314131627218],[-122.369534377381,37.8314077456406],[-122.369513749367,37.8314052112837],[-122.369499592816,37.8314017162549],[-122.369478271303,37.8313987788981],[-122.369414883482,37.8313901818075],[-122.369383612228,37.8313803771354],[-122.369343612944,37.8313639548923],[-122.369291988561,37.8313520713615],[-122.369273864152,37.8313400225137],[-122.369246947931,37.8313399089925],[-122.369223259357,37.8313300950903],[-122.369204835809,37.8313294168014],[-122.36917409546,37.8313177595979],[-122.369150731177,37.8313153955196],[-122.369121986885,37.8313078555852],[-122.369102559919,37.8313078612613],[-122.369088781559,37.8313024200491],[-122.369028180311,37.8312910132975],[-122.369017666429,37.8312838756514],[-122.369000557116,37.8312828667316],[-122.368896111795,37.8312467520761],[-122.368858449028,37.8312410540175],[-122.36881939028,37.8312297898675],[-122.368784783582,37.831223908045],[-122.36873865599,37.8312110666554],[-122.368710412059,37.8311999224078],[-122.368688507539,37.8311971056594],[-122.368602007862,37.8311537440389],[-122.368551163217,37.8311044771471],[-122.368525110277,37.831073457393],[-122.36851205057,37.8310528461357],[-122.368493544377,37.8310358718209],[-122.368482980189,37.8310232936268],[-122.368476397335,37.8310098945274],[-122.368451396322,37.8309721400593],[-122.36843027154,37.8309390924674],[-122.368414690261,37.8309172835178],[-122.368387874652,37.8308876961886],[-122.368379683813,37.8308701492599],[-122.368345397813,37.83082181093],[-122.368341927621,37.8308033870286],[-122.368318327981,37.8307822059574],[-122.368259806333,37.8306965862059],[-122.368255446809,37.8306819581699],[-122.368231331535,37.8306495546865],[-122.368218519763,37.830646759912],[-122.368210732267,37.8306373631116],[-122.36820969651,37.8306260534606],[-122.368209516847,37.8306189022694],[-122.368161846848,37.8305669942076],[-122.368165975505,37.8305611733505],[-122.368152047127,37.8305452993799],[-122.368075967008,37.8304395943853],[-122.368071382007,37.8304160292361],[-122.368049014855,37.8303839874892],[-122.368039877192,37.8303587067114],[-122.368002258443,37.8303179641346],[-122.367941109223,37.8302175936793],[-122.367921068707,37.8301932827557],[-122.367892277703,37.8301679047085],[-122.367874533281,37.8301497055611],[-122.367876531134,37.8301395409984],[-122.367861953273,37.8301218158026],[-122.367840352384,37.8301055394402],[-122.367835349666,37.8300859474914],[-122.367805827433,37.8300476675061],[-122.367775210153,37.8300163521476],[-122.367763850058,37.8299922987134],[-122.367749260519,37.8299800112448],[-122.367722505097,37.8299528075283],[-122.367676862596,37.8298712665612],[-122.367685379523,37.8298606088428],[-122.367679053587,37.8298481915098],[-122.36765956823,37.8298204825653],[-122.36765680591,37.8298095374832],[-122.367633714716,37.8297694196922],[-122.367628559285,37.8297530176666],[-122.367612796546,37.8297367192277],[-122.367597424575,37.8297126876976],[-122.367587092153,37.8296881020222],[-122.367570747306,37.8296657080558],[-122.367525753389,37.829600642625],[-122.367512137624,37.8295766245316],[-122.367510380519,37.8295665180708],[-122.367502538227,37.8295535281022],[-122.367486536536,37.829544839268],[-122.367480440569,37.829532211153],[-122.367487173442,37.829501107014],[-122.367485893343,37.8294894126264],[-122.367435037918,37.8294602050301],[-122.367368314652,37.8293565532687],[-122.367346995834,37.8293157597622],[-122.367337501539,37.8292968338493],[-122.367321304915,37.8292803990804],[-122.367277450061,37.8292101573067],[-122.367271816726,37.8291953437893],[-122.367255454811,37.8291723543794],[-122.367241380007,37.8291580361049],[-122.367233238576,37.8291462714196],[-122.367222583658,37.8291204176283],[-122.367198440537,37.8290868221604],[-122.367160956535,37.8290307849797],[-122.367142400934,37.8290102150139],[-122.367117296615,37.8289682881967],[-122.367071171719,37.8289272908403],[-122.36706049075,37.828891097693],[-122.367030969415,37.8288528177974],[-122.367013255536,37.8288358110476],[-122.366989067498,37.8288004274308],[-122.366982622086,37.8287832425764],[-122.366944957523,37.8287498605242],[-122.366932262531,37.8287289768669],[-122.366915166693,37.8287008552638],[-122.366903148133,37.8286712400836],[-122.366886247229,37.8286267991979],[-122.366863427326,37.8285860287025],[-122.366815844464,37.8285468432833],[-122.366787914943,37.8285121144281],[-122.366765793031,37.8284752910104],[-122.366755571102,37.82845122785],[-122.366717320837,37.8283946069484],[-122.36667444335,37.828333289585],[-122.366617594366,37.828254311094],[-122.36659229601,37.8282046385395],[-122.366569578515,37.8281812855378],[-122.366538751928,37.8281375304801],[-122.366509129083,37.8280893549729],[-122.366464610374,37.828028423345],[-122.366452413049,37.8280030970591],[-122.366402162191,37.8279266739774],[-122.366277881169,37.8277461575875],[-122.366277646709,37.8277363084396],[-122.366197167541,37.8276141876959],[-122.366181165851,37.8276054993428],[-122.366168280417,37.8275867886924],[-122.366086048635,37.827469588391],[-122.366056668336,37.8274363859687],[-122.366001880087,37.827349624224],[-122.365951221393,37.8272777011167],[-122.36594032932,37.8272629709378],[-122.365928686256,37.8272482521087],[-122.365898471421,37.8272009331535],[-122.365883122806,37.8271696903797],[-122.365861474306,37.8271455927352],[-122.365846785055,37.827119985875],[-122.365836654753,37.8271149885308],[-122.365833215104,37.8270998680682],[-122.365707863291,37.8269244825369],[-122.365684188191,37.8268795524289],[-122.365659205145,37.8268423932887],[-122.365653617624,37.8268293673631],[-122.365650958611,37.8268133144924],[-122.365626169601,37.8267839014862],[-122.36556671101,37.8266906565097],[-122.365561092946,37.8266764392196],[-122.365549510069,37.8266655979754],[-122.365513475948,37.8266140908678],[-122.365451694314,37.826539871639],[-122.365426381586,37.8264896033245],[-122.365392250097,37.8264472230891],[-122.365362384707,37.8263952382989],[-122.365336049696,37.8263640611726],[-122.365288595293,37.826293506547],[-122.365257105749,37.8262431075063],[-122.365246740987,37.8262194274879],[-122.36522578419,37.8261929340702],[-122.365229842779,37.8261749865447],[-122.365221233325,37.8261614127233],[-122.365207899631,37.8261669664246],[-122.365134024877,37.8260703942619],[-122.365019331575,37.8258931692347],[-122.364915291394,37.8257424451758],[-122.364880578694,37.8257042189926],[-122.364843141405,37.8256379225267],[-122.364794277545,37.8255595371836],[-122.36471781205,37.8254474858047],[-122.364694228579,37.8254061317102],[-122.364655440223,37.8253578635955],[-122.36450248408,37.8251386262637],[-122.364455462664,37.8250856237419],[-122.364439882284,37.8250626096359],[-122.364414419537,37.825037390896],[-122.364396319383,37.8250048919805],[-122.36412712753,37.8246006067156],[-122.363947797748,37.8243125398465],[-122.36387053904,37.824178054754],[-122.363860130261,37.8241525866506],[-122.36381578852,37.8240833362417],[-122.363786072251,37.8240464573957],[-122.363721343244,37.8239526994832],[-122.363694502482,37.8239219193985],[-122.36366211642,37.8238767752982],[-122.363640524513,37.8238466777969],[-122.363601211542,37.8238073592985],[-122.363595323983,37.8237824154465],[-122.363583592884,37.8237641217694],[-122.36357301612,37.8237619043322],[-122.363558702364,37.823751193932],[-122.363551283178,37.8237044254976],[-122.363531317223,37.8236874530403],[-122.363526196825,37.8236630945521],[-122.363516281221,37.8236572901803],[-122.36347904246,37.8236107856507],[-122.363460688082,37.8235681554085],[-122.363436367992,37.8235274090823],[-122.363383102387,37.8234412189232],[-122.363382982911,37.8234364519444],[-122.363319247442,37.8233407745419],[-122.363304647124,37.8233095258763],[-122.363293905968,37.823300753995],[-122.363266462436,37.8232552873633],[-122.363257631098,37.8232327743631],[-122.36323855178,37.8232211541981],[-122.363212386551,37.8231667254512],[-122.36319625191,37.8231526742349],[-122.363174459679,37.8231202064207],[-122.363155626499,37.8230943377456],[-122.363119131543,37.8230442082918],[-122.363075768067,37.8229731665536],[-122.362996180028,37.8228545894189],[-122.362995417358,37.8228458707027],[-122.362973860486,37.822825347265],[-122.36295733418,37.8227967125078],[-122.362937237969,37.8227734677811],[-122.362927961067,37.8227529507095],[-122.362889684751,37.8226959230981],[-122.362850783208,37.8226130826566],[-122.362846462311,37.8225606928272],[-122.362874355899,37.8224744135496],[-122.362900658571,37.8223992414316],[-122.362904667752,37.8223739955267],[-122.362919258189,37.8223564777956],[-122.362921335992,37.8223401436625],[-122.362935562611,37.8223174735629],[-122.362941131267,37.8222916031872],[-122.362950623765,37.8222588170961],[-122.362970972403,37.8222012696794],[-122.362983849752,37.8221754333236],[-122.362995708413,37.8221388841957],[-122.363001403731,37.8221262753917],[-122.363005597067,37.8221136907118],[-122.363023523847,37.8220794300009],[-122.363032423457,37.8220538142869],[-122.363042369603,37.822021905861],[-122.363074348729,37.8219486761598],[-122.363084236485,37.8219234833206],[-122.363093702932,37.8219114123548],[-122.363098378663,37.821888090003],[-122.363109946269,37.8218625721471],[-122.363124665165,37.8218183194623],[-122.363141299269,37.8217717669404],[-122.363179088698,37.8216880207217],[-122.363196410013,37.8216228552992],[-122.363277253897,37.8214351267031],[-122.363285643264,37.8214056554947],[-122.36329571248,37.8213876131374],[-122.363295173491,37.8213661618431],[-122.363313531462,37.8213465959582],[-122.363322834415,37.8213098974032],[-122.36332612674,37.8212913661055],[-122.363349583549,37.8212379421542],[-122.363372410639,37.8211892973518],[-122.363385033765,37.8211533317406],[-122.363409634129,37.8210855828814],[-122.363421270007,37.821062808794],[-122.36343920577,37.8210362347589],[-122.363451095871,37.8210044238189],[-122.363474328101,37.8209589493861],[-122.363479658704,37.8209414107406],[-122.363489260796,37.8209297199637],[-122.363508087688,37.8209063880768],[-122.363509009359,37.8208910626847],[-122.363525177238,37.8208594141823],[-122.360513009309,37.8201381915169],[-122.360506099468,37.8201323393237],[-122.360500677237,37.8201258676363],[-122.360613544264,37.8198319949502],[-122.36062361348,37.8198139529177],[-122.360635511666,37.8198089962367],[-122.360657993803,37.8198144879696],[-122.363647092096,37.8205465275583],[-122.363646613294,37.8205274596031],[-122.363653664171,37.8205125371914],[-122.363659464593,37.820470626125],[-122.363659676595,37.8204491632104],[-122.363682557584,37.8204133015515],[-122.363681676336,37.8203975502897],[-122.363686650308,37.82038614611],[-122.36370288017,37.8203441618817],[-122.363713820752,37.8203182595913],[-122.363723515371,37.820288787937],[-122.36373216974,37.820253686906],[-122.363758475107,37.8202060931031],[-122.363793030601,37.8201243561566],[-122.363822436053,37.8200477957657],[-122.363833492518,37.8200312077889],[-122.363848011089,37.8199889735738],[-122.363868598679,37.8199409602166],[-122.363891066443,37.8198986705997],[-122.363903519787,37.8198652987208],[-122.363904592376,37.8198388463088],[-122.363931199576,37.8198004815307],[-122.363931736769,37.8197855383932],[-122.363943042067,37.8197633365666],[-122.363942701605,37.8197334524023],[-122.363948117548,37.8197184702222],[-122.363960398416,37.8196940167544],[-122.363976688466,37.8196668305346],[-122.363981571708,37.8196518511794],[-122.363991295971,37.8196201042181],[-122.364006350836,37.8195912532026],[-122.364015667264,37.8195732224653],[-122.36401726357,37.8195469686423],[-122.36402865331,37.8195217515658],[-122.364029646847,37.8195014691845],[-122.36404027212,37.8194682276963],[-122.364050322471,37.8194570305825],[-122.36405105909,37.81943448591],[-122.36406871368,37.819379257465],[-122.36408018337,37.8193593930121],[-122.364085104341,37.8193279829957],[-122.364111102483,37.819246657368],[-122.364115154784,37.8192259079788],[-122.364137158118,37.8191651464388],[-122.36413499767,37.8191389520791],[-122.364153613458,37.8191206593799],[-122.364167631668,37.8190712836875],[-122.364168157182,37.8190623338962],[-122.364184564012,37.8190369768579],[-122.364213938024,37.8189575583846],[-122.364230260413,37.818931996938],[-122.364230747299,37.8189121110758],[-122.364249599344,37.8188941362331],[-122.364283738918,37.8188172949731],[-122.364305719795,37.8187948913212],[-122.364365939258,37.8187597555176],[-122.364389794919,37.8187522249448],[-122.364416385051,37.8187637265959],[-122.364371833105,37.8186952822362],[-122.36485973778,37.8184944308032],[-122.364794306291,37.8184024725595],[-122.364931110726,37.8183442756614],[-122.365040312627,37.8185034977523],[-122.365061449087,37.8184866802178],[-122.365104133436,37.818471491282],[-122.36533297117,37.8183677268666],[-122.365603381138,37.8182533532946],[-122.365639149358,37.818231741422],[-122.365693506416,37.8182152339352],[-122.365815953976,37.8181634427536],[-122.365841149923,37.818145893509],[-122.365871989985,37.8181397416922],[-122.365997426239,37.8180758547371],[-122.366079363373,37.8180471379486],[-122.366157204189,37.8180191045276],[-122.366228124384,37.817986366213],[-122.36624990853,37.8179562159255],[-122.366307842679,37.8179338325916],[-122.36635807108,37.817933847494],[-122.366399417838,37.8179252374804],[-122.366420569569,37.8179296719959],[-122.366477847948,37.8179028016241],[-122.366473662697,37.8178894881372],[-122.366896627262,37.8177063463721],[-122.366917637959,37.8176973772551],[-122.366956384992,37.8176808348765],[-122.367218543036,37.8175689155927],[-122.367908101526,37.8172897492871],[-122.368603783832,37.8169854455918],[-122.368604682147,37.8169707353576],[-122.368623986942,37.8169614879703],[-122.368660537595,37.8169507751641],[-122.368709722153,37.8169344966063],[-122.368751501,37.8169225092725],[-122.368861633556,37.816879633178],[-122.368968985826,37.8168457418922],[-122.369074416599,37.8167951902126],[-122.369109524557,37.8167868845048],[-122.369130064536,37.8167720535911],[-122.369285098483,37.8167075941858],[-122.369311574529,37.8166959169313],[-122.36936162147,37.8166821476327],[-122.369372678833,37.8166736268888],[-122.369397285485,37.8166620525279],[-122.369438102237,37.8166457653907],[-122.369462447479,37.8166314042359],[-122.369531832453,37.8165987682049],[-122.369776128397,37.8164919766297],[-122.369796349474,37.8164892714446],[-122.36983342564,37.8164696084642],[-122.369904541668,37.8164589431331],[-122.369941137236,37.8164500178628],[-122.369964903065,37.8164389104168],[-122.369995414344,37.8164271011248],[-122.370053386223,37.816401741762],[-122.370377246849,37.8162730053387],[-122.370671176508,37.8161414542064],[-122.370721951983,37.8161252762409],[-122.370774211475,37.8160953380894],[-122.371017549814,37.8159876558789],[-122.371039692387,37.8159718057403],[-122.37105280779,37.8159555021288],[-122.371056082149,37.8159363747958],[-122.371049517261,37.8159144230296],[-122.371037226512,37.8158872872227],[-122.371029237794,37.8158551334288],[-122.370995691108,37.8157955826268],[-122.370977365476,37.815764752303],[-122.370955523838,37.8157329085759],[-122.370948191789,37.8157103734108],[-122.370926816377,37.8156671957174],[-122.370913770144,37.8156420241529],[-122.370883041473,37.8155999343257],[-122.370870738147,37.8155589976701],[-122.370855250293,37.8155407644048],[-122.370843247902,37.8155117450249],[-122.370840483786,37.8154915218628],[-122.370839136313,37.815428744653],[-122.370708665002,37.8151220552057],[-122.370702913987,37.8151014636217],[-122.370688642452,37.8150718848544],[-122.370669339453,37.8150215214403],[-122.370660401216,37.8149948380709],[-122.370645291553,37.8149688977106],[-122.370642060313,37.8149528060673],[-122.370619947384,37.8149102368233],[-122.37059998592,37.8148576335946],[-122.370580951518,37.8148238237019],[-122.370583537767,37.8148142843729],[-122.370574522275,37.8148072345511],[-122.370573455077,37.8147947330735],[-122.370566469777,37.8147859019877],[-122.370553581648,37.8147515328449],[-122.370551589184,37.8147348876142],[-122.370537536838,37.8146964300557],[-122.370529318152,37.8146739371543],[-122.370520842547,37.8146507430945],[-122.370512166618,37.8146287944943],[-122.370504298274,37.8146054641642],[-122.370486509835,37.8145648221792],[-122.370464788572,37.8145079401107],[-122.370458975573,37.814485976565],[-122.37045858301,37.8144698855262],[-122.370448159857,37.8144444197503],[-122.370442662168,37.8144349690809],[-122.370430404656,37.8143958208574],[-122.370434174885,37.8143869059827],[-122.370418555877,37.814333807031],[-122.370413539685,37.8142838128521],[-122.370419278123,37.8142431870124],[-122.370405770156,37.8142233403385],[-122.37040449365,37.8142024958606],[-122.370356702378,37.814115164304],[-122.370355659434,37.8141132581232],[-122.370272062214,37.8139864203449],[-122.370175909241,37.813838322608],[-122.370134375634,37.8137704279386],[-122.370046934522,37.8136698795583],[-122.370029073319,37.8136469144088],[-122.36994825908,37.8135615536805],[-122.369927797254,37.813534067847],[-122.369870279923,37.8134580818481],[-122.369848185859,37.8134367652175],[-122.369760040468,37.8133380168414],[-122.369639747069,37.8132159325961],[-122.369525974539,37.8131140130642],[-122.369375698969,37.8129947884728],[-122.369187689665,37.8128690090419],[-122.369039907817,37.8127890885724],[-122.368904623332,37.8127280449566],[-122.368658840677,37.8126353691331],[-122.368615127757,37.8126301011272],[-122.368600105231,37.8126601442982],[-122.368556512685,37.8126298371237],[-122.368469928566,37.8125930575887],[-122.368413399382,37.8125655472653],[-122.368301880726,37.812523201616],[-122.368242710495,37.8125008904423],[-122.368077657638,37.8124418982984],[-122.368016429366,37.812427369549],[-122.367958653321,37.8124100119761],[-122.367932646195,37.8123986917252],[-122.367907010073,37.8123881776795],[-122.367882901088,37.8123855787974],[-122.367848386018,37.8123698506617],[-122.367810738523,37.8123545320135],[-122.367753434092,37.812337349717],[-122.367723778908,37.8123326607966],[-122.367701230296,37.8123324216311],[-122.36768012887,37.8123206272954],[-122.367628766795,37.8123192625617],[-122.367585278454,37.8123229323682],[-122.367556741673,37.8123142351181],[-122.367498138278,37.8123237151562],[-122.367455974054,37.8122904051443],[-122.367440234672,37.812282698618],[-122.367410564216,37.8122774128446],[-122.367370259504,37.8122881852333],[-122.367232723841,37.812307442675],[-122.367215328864,37.8123029489176],[-122.367186306992,37.8122843337443],[-122.367066504971,37.8123102814351],[-122.366987490057,37.8123353760697],[-122.366889862948,37.8123879803859],[-122.366835239989,37.8124063386255],[-122.366809135845,37.8124047567285],[-122.366766517972,37.8123925231067],[-122.366715791904,37.8123978890668],[-122.366657506514,37.8124107330203],[-122.3666276537,37.8124281033673],[-122.366637075231,37.8124349007671],[-122.366668470452,37.8124284433083],[-122.366681777196,37.8124290344791],[-122.366689770405,37.8124388359915],[-122.366685276134,37.8124486516963],[-122.366666797789,37.8124608661472],[-122.366635059411,37.8124742757114],[-122.366582466645,37.8125023247221],[-122.366559167939,37.8125040904262],[-122.366537928173,37.8124960808854],[-122.366523808453,37.8124724603283],[-122.366476972091,37.812462470753],[-122.366415772566,37.8124789376546],[-122.366389495047,37.8124890982626],[-122.366369953995,37.8125094684428],[-122.36632987476,37.8125291786077],[-122.366314502789,37.8125546649155],[-122.366285977685,37.8125763692902],[-122.366240009994,37.8126009407948],[-122.366201443522,37.8126303715179],[-122.366188313746,37.8126460775978],[-122.366155983379,37.812675202428],[-122.366131155741,37.8126944640269],[-122.366104325758,37.8127032343299],[-122.366082421238,37.8127286169635],[-122.366060098104,37.8127373155841],[-122.366035160871,37.8127615549023],[-122.366054506989,37.8127839007718],[-122.366022178419,37.812813024838],[-122.365980718473,37.8128077206508],[-122.365962632692,37.8128056221114],[-122.36594730923,37.8128237481803],[-122.365920900557,37.8128193963912],[-122.365907081773,37.812807692973],[-122.365815085305,37.8128544526987],[-122.365696976608,37.8129385836526],[-122.365649476391,37.8129619876069],[-122.365610688933,37.8129733304814],[-122.365579802159,37.8130000479366],[-122.365587369567,37.8130114603541],[-122.365601053603,37.8130178013739],[-122.365602013903,37.8130261323447],[-122.365583341521,37.8130305997999],[-122.365545791044,37.8130220459891],[-122.365509499106,37.8130130819804],[-122.365489701136,37.8130026652488],[-122.365480399081,37.813000634135],[-122.365470232847,37.8130053577874],[-122.365445907367,37.8130333696929],[-122.365420235313,37.8130490678805],[-122.365368347724,37.8130773097066],[-122.365328237947,37.8130958274533],[-122.365295378472,37.8131221999586],[-122.365278001461,37.813109346903],[-122.36522112912,37.8131392486523],[-122.365218166477,37.8131502324005],[-122.365223199737,37.8131618683447],[-122.365200846958,37.813169374649],[-122.365188410681,37.8131528802238],[-122.365164344815,37.8131520683477],[-122.365133727535,37.813189511866],[-122.365143367356,37.8132442006165],[-122.365133602669,37.813244355327],[-122.365118461565,37.8132398254328],[-122.365103050068,37.8132245701268],[-122.365085365833,37.8132179033811],[-122.365075631689,37.8132192496465],[-122.365069021885,37.8132253160017],[-122.365059845594,37.8132395600121],[-122.365024152833,37.8132544313776],[-122.364996388603,37.8132858681074],[-122.365003355038,37.8133032517325],[-122.365011871067,37.8133132511296],[-122.365011162296,37.8133448560285],[-122.365019275879,37.8133594236298],[-122.364998364896,37.8133645233896],[-122.365003320902,37.8133823278363],[-122.365003115187,37.8134116198604],[-122.364983845426,37.8134239739588],[-122.364983933461,37.8134573551368],[-122.364996853032,37.8134837686743],[-122.364969902675,37.8134877712622],[-122.364957055868,37.8134941427573],[-122.364961309391,37.8135045984518],[-122.364952984703,37.813532151006],[-122.364958810278,37.813554710965],[-122.364948291904,37.8135640247792],[-122.364930912198,37.8135601272277],[-122.36488445223,37.8135558861919],[-122.364895172725,37.8135732108501],[-122.364888967163,37.8135953648609],[-122.36485722609,37.8135881176323],[-122.364843030014,37.8135913218272],[-122.364830066426,37.8135837779529],[-122.364819686393,37.8135893063425],[-122.364834003742,37.8136115263485],[-122.364795787613,37.8136157063489],[-122.364758771634,37.8136377524761],[-122.364737027912,37.8136788371001],[-122.364713819038,37.8137028419159],[-122.36474459532,37.8137109073904],[-122.364756988478,37.8137256147257],[-122.364734066167,37.8137311345886],[-122.364629032449,37.8137375642561],[-122.364596579012,37.813771070905],[-122.364598503204,37.813778582115],[-122.364590928609,37.8137854666806],[-122.364562372963,37.8137853211971],[-122.36455382729,37.8137947875624],[-122.364584721251,37.8138374262881],[-122.364588655872,37.813844516654],[-122.364575961778,37.8138476981282],[-122.364542086309,37.8138452525873],[-122.364503676144,37.8138416871787],[-122.364481984525,37.8138456074249],[-122.364461498445,37.8138284368301],[-122.364445496755,37.8138288974095],[-122.364428326356,37.8138333406871],[-122.364406197258,37.813849785283],[-122.364381755895,37.8138845387797],[-122.364384756268,37.8138936403595],[-122.364394460768,37.8138911025624],[-122.36440449495,37.8139016738777],[-122.364401120878,37.8139093106869],[-122.364396895203,37.8139188742618],[-122.36432560041,37.8139223857314],[-122.364217232146,37.813915753113],[-122.364199773388,37.8139180240717],[-122.364185682415,37.8139254004287],[-122.364111713338,37.8139627250392],[-122.364094056951,37.8139870547933],[-122.364076558667,37.8139990468618],[-122.364096553369,37.814011913956],[-122.364069163736,37.8140337385467],[-122.364037374155,37.8140338513848],[-122.364009342226,37.8140247654351],[-122.363974598086,37.8140175558613],[-122.363900859876,37.8140042083191],[-122.363835135536,37.813999492537],[-122.363639071039,37.8139715931266],[-122.363590911459,37.8139687771399],[-122.363548849642,37.8139694413948],[-122.363494336277,37.8139736724715],[-122.363453836631,37.8139766971021],[-122.363389541511,37.8139896344579],[-122.363321309075,37.8140134553672],[-122.363234358444,37.8140338144818],[-122.363135930937,37.8140639819841],[-122.363062501747,37.814072295095],[-122.36303720429,37.8140822326464],[-122.363044666595,37.8140894741491],[-122.363051112906,37.8140975111944],[-122.363046154206,37.8141095124707],[-122.363031609583,37.8141081605442],[-122.363028399902,37.8140907167864],[-122.363013826533,37.8140881733186],[-122.362969993239,37.8140987921538],[-122.362928050899,37.8141042239894],[-122.362705817579,37.8140815052316],[-122.362657324723,37.8140747278542],[-122.362614664629,37.8140722149019],[-122.362531924401,37.8140687524069],[-122.362396635424,37.8140673117705],[-122.362348505488,37.8140656880383],[-122.362257920273,37.8140790405372],[-122.362206332721,37.814089391827],[-122.362164271803,37.8140900560809],[-122.36210942157,37.8140994741494],[-122.362019181308,37.8141265311301],[-122.361979672504,37.8141597338628],[-122.361957736543,37.814183925166],[-122.361939979545,37.8141949350166],[-122.361926697953,37.8142046830691],[-122.361929028183,37.814224895229],[-122.36192329783,37.8142488487709],[-122.361909350587,37.8142919882621],[-122.36191176436,37.8143076556662],[-122.361930647845,37.8143115297591],[-122.361933094856,37.8143192410414],[-122.361923435272,37.8143235657745],[-122.361912800117,37.8143189656891],[-122.361903801693,37.814319703037],[-122.361891466028,37.8143371850629],[-122.361886059068,37.8143519667888],[-122.361879160007,37.8143558593308],[-122.361867067784,37.8143530689069],[-122.36185102567,37.8143425920424],[-122.361840615094,37.8143469288386],[-122.361838960398,37.8143708000191],[-122.361830350046,37.8143870308847],[-122.361810319411,37.8143998241055],[-122.361793755376,37.8144166106361],[-122.361777226375,37.8144466772089],[-122.361770447687,37.8144553365954],[-122.361747372663,37.8144640456576],[-122.361726042166,37.8144524603053],[-122.361707344632,37.8144465877906],[-122.36168746761,37.8144423397089],[-122.361664893845,37.8144317585356],[-122.3616473749,37.8144316456982],[-122.361621597743,37.8144431728609],[-122.361605641867,37.8144660760215],[-122.3616134626,37.814487619449],[-122.361607348666,37.8145042008653],[-122.361588387925,37.8145064945152],[-122.36156484937,37.8144967315994],[-122.361543235904,37.8144944819487],[-122.361520534579,37.8144974313331],[-122.361490568578,37.8144917362392],[-122.36146175781,37.8144814616501],[-122.361419097715,37.814458290949],[-122.361406189823,37.8144622778714],[-122.361411444069,37.8144920002361],[-122.361408106828,37.8145087434559],[-122.361397079109,37.8145184552739],[-122.361362439174,37.8145154249881],[-122.361322390482,37.8145065193536],[-122.361302832361,37.8145056358158],[-122.361286774976,37.8145152206035],[-122.361277757687,37.8145451679118],[-122.361212318113,37.8145724291137],[-122.361169622984,37.8145778722691],[-122.361138017558,37.814575985971],[-122.361109565218,37.8145800119188],[-122.361066030164,37.8145818911201],[-122.361037275092,37.8145831479424],[-122.360995665128,37.8145925389807],[-122.360970246399,37.8145977089124],[-122.360928095649,37.8145947971445],[-122.360917619496,37.8146058991906],[-122.360912750627,37.8146214749811],[-122.360888203264,37.8146313996845],[-122.360859889264,37.8146316402619],[-122.36082999423,37.8146380719799],[-122.360775974939,37.814641308774],[-122.360755092702,37.814647599977],[-122.360743253805,37.8146549393584],[-122.360740608266,37.814669287414],[-122.360747557633,37.8146860767219],[-122.360750275037,37.8147045124535],[-122.360742205471,37.8147123897568],[-122.360700765288,37.8146985292509],[-122.360655070685,37.8146742139245],[-122.360633860562,37.8146673947312],[-122.360541866789,37.8146545391059],[-122.360442601154,37.8146513370862],[-122.360423341274,37.8146623702862],[-122.360354238371,37.8146634603353],[-122.360342200946,37.8146722027274],[-122.360301099428,37.814681195631],[-122.360263062064,37.814692526177],[-122.360258087194,37.8147039305266],[-122.360259798485,37.8147122492427],[-122.360254705037,37.8147188867572],[-122.360243498554,37.8147214479448],[-122.360226824924,37.81471574932],[-122.360228808404,37.8147049886401],[-122.36021449375,37.8147034252437],[-122.36016831226,37.8147196524877],[-122.360066400187,37.8147514554912],[-122.360060928549,37.8147730009644],[-122.360030944581,37.8147758580811],[-122.35998905614,37.8147928198136],[-122.359947293462,37.8148054014837],[-122.359944119714,37.8148142935985],[-122.359928724387,37.8148140395381],[-122.359902948128,37.8148255652218],[-122.359858238976,37.8148405767817],[-122.359865040121,37.8148514055696],[-122.359891024789,37.8148688796633],[-122.359897287844,37.8148789150413],[-122.359855921323,37.8148680344518],[-122.35984870875,37.8148800703764],[-122.359834462368,37.8148906351632],[-122.359822871405,37.8149019465161],[-122.359792251431,37.8149059965747],[-122.359766713225,37.8149063989548],[-122.359726510922,37.8149213395317],[-122.359689224549,37.8149326579765],[-122.359564316504,37.8149950403252],[-122.359530860548,37.8150092783168],[-122.359477784487,37.8150202490128],[-122.359429235038,37.8150225958715],[-122.359367058145,37.8150094763131],[-122.359352547659,37.8150001676489],[-122.359333998346,37.8149795959015],[-122.359306186505,37.8149398887509],[-122.359272372121,37.814919167957],[-122.359254723819,37.8149045438903],[-122.359237403402,37.8149030280457],[-122.359215268015,37.8148896771151],[-122.359208308767,37.8148814308048],[-122.359064169588,37.8147966711717],[-122.359023256717,37.8147738617897],[-122.358972216239,37.8147253958213],[-122.358933739598,37.814679894811],[-122.35891871797,37.8146594748431],[-122.358902322818,37.8146255484741],[-122.358900865751,37.8146067032444],[-122.358906421831,37.8145491817969],[-122.358925970968,37.8144990075079],[-122.358939867905,37.8144838865895],[-122.358951349273,37.8144622452266],[-122.358944961353,37.8144078937618],[-122.358909346745,37.8143059247791],[-122.358816289367,37.8141905542118],[-122.358945440155,37.8140669129342],[-122.358964998275,37.8140471400189],[-122.358978250222,37.8140362011135],[-122.359041964132,37.8140000269213],[-122.359042507613,37.8139916719316],[-122.359023883741,37.8139681221108],[-122.359022113161,37.8139574202249],[-122.359028723863,37.8139513546395],[-122.359043700576,37.8139493306485],[-122.359089308043,37.8139609231766],[-122.359104673726,37.8139537341771],[-122.359115627782,37.8139410430721],[-122.359128311096,37.8139074605651],[-122.359146014195,37.8138849198751],[-122.35918176894,37.8138724338543],[-122.359258435658,37.8137027340451],[-122.35924074783,37.8136565163402],[-122.359207559572,37.8136121246067],[-122.359276441489,37.8134822797683],[-122.359335331446,37.8134634683113],[-122.359410843829,37.8134577156537],[-122.359449168654,37.8134485593749],[-122.359510162465,37.8134237539582],[-122.359514893892,37.8134119633452],[-122.359509505797,37.8133975355611],[-122.35952494604,37.8133933257419],[-122.359539291237,37.8133960800083],[-122.359548357034,37.8134077293977],[-122.359566599123,37.8134063788776],[-122.359584203407,37.8134192155589],[-122.359634336587,37.8134015282182],[-122.359688326234,37.8133971005276],[-122.359733332728,37.8133940063246],[-122.359926681618,37.8132836581619],[-122.360247785315,37.8131140684195],[-122.360401893098,37.8130269910612],[-122.360578472239,37.8129371742202],[-122.360605003981,37.8129164876388],[-122.360724653288,37.8128312034216],[-122.360776568725,37.8128064815403],[-122.360810162123,37.8127678008457],[-122.360879660285,37.8127225924388],[-122.360894835526,37.8126985092388],[-122.360946844387,37.8126543788037],[-122.360966377355,37.8126449229374],[-122.36099432035,37.8126206381609],[-122.361050933976,37.8125410580727],[-122.361055593537,37.8125171408805],[-122.36105969255,37.8125101284528],[-122.361078081962,37.8124943393104],[-122.361083731467,37.8124774033083],[-122.36111476287,37.812398979859],[-122.361120929804,37.8123658905945],[-122.361144852839,37.812280475868],[-122.361155956914,37.8121745836122],[-122.361159144137,37.8121312235891],[-122.361159859196,37.8120698132282],[-122.361149471078,37.8120151356726],[-122.361145477168,37.8120056605627],[-122.361147581022,37.8119996664959],[-122.361147765177,37.8119770109628],[-122.361139988462,37.811936598891],[-122.361136316149,37.811900683418],[-122.361144272527,37.8118077723568],[-122.361148806324,37.8117188801855],[-122.3611554844,37.8116555880767],[-122.361157845173,37.8116423962406],[-122.361154931936,37.811633540648],[-122.361152907134,37.8116127082134],[-122.361171950519,37.8115331256194],[-122.361180726161,37.811505377862],[-122.361188298959,37.8114959090741],[-122.361188015092,37.8114845872635],[-122.361218653033,37.8114179359506],[-122.361251040892,37.8113218412796],[-122.361264619826,37.8113033543147],[-122.361267533062,37.8112839709942],[-122.361278748528,37.8112582174005],[-122.361284937023,37.8112446152867],[-122.361285036735,37.811233223887],[-122.36129651451,37.8111875951073],[-122.361308064149,37.8111780822771],[-122.361305775242,37.8111373766614],[-122.361315732169,37.8111243117692],[-122.36131060728,37.8111152751406],[-122.361323299577,37.8110572215352],[-122.361316495737,37.8110348836596],[-122.361342455252,37.8109221984663],[-122.361338235865,37.8108539200041],[-122.361341399731,37.810829429534],[-122.361329521308,37.8108051768068],[-122.361350558954,37.8107452337227],[-122.361341942314,37.81072191494],[-122.36133799332,37.8106935707252],[-122.361325397143,37.8106613727967],[-122.361319665891,37.8106125826316],[-122.3613019053,37.8106142518609],[-122.361300526386,37.8106077261111],[-122.361310906419,37.8106021974982],[-122.361311586444,37.8105900586784],[-122.361297028346,37.8105881098242],[-122.36128415998,37.8105749923166],[-122.36127479684,37.8105366972432],[-122.36129029727,37.8105200539011],[-122.361291077906,37.8105005766936],[-122.361281705782,37.8104946563142],[-122.361271732686,37.8104782294234],[-122.361271686872,37.8104650402157],[-122.361257705493,37.8104480732307],[-122.361257948038,37.8104379116321],[-122.361251657136,37.8104266847602],[-122.361244942229,37.8104285796808],[-122.361237988371,37.8104209396728],[-122.36124484072,37.8103946023978],[-122.361237798826,37.8103712820849],[-122.361248362116,37.8103552036337],[-122.361227946104,37.8103386553517],[-122.361219695977,37.8103113379389],[-122.361199339254,37.8102186661791],[-122.360675206422,37.8102913156195],[-122.360369816954,37.8109375443804],[-122.360266955363,37.8109105536528],[-122.360598128275,37.8102138451181],[-122.36117032906,37.8101404376303],[-122.361133124434,37.8100051126767],[-122.361158421891,37.8099951752862],[-122.36114927255,37.8098999424846],[-122.36101457197,37.8081232826219],[-122.361017138457,37.8081151029803],[-122.361026722582,37.8081077984353],[-122.361040903387,37.8081039978289],[-122.361410372379,37.8080963788722],[-122.361476274585,37.8079586243091],[-122.361503862745,37.8078902316784],[-122.361531833588,37.8078671383988],[-122.361542045637,37.807864203654],[-122.361541437477,37.8078528131523],[-122.361545172672,37.8078391181458],[-122.361554080366,37.8078339541284],[-122.361556636972,37.8078168800787],[-122.361573840608,37.8078044803289],[-122.361534801622,37.8077850357626],[-122.361523027404,37.8077649538503],[-122.361528765842,37.8077541332494],[-122.361540076529,37.8077557429257],[-122.361541414121,37.8077491644029],[-122.361529129659,37.8077386284032],[-122.361535425053,37.8077200504048],[-122.36153183808,37.8076968584189],[-122.361537637604,37.8076884210965],[-122.361554209724,37.807680799258],[-122.361579983288,37.8076899307016],[-122.361586500565,37.8077100949635],[-122.361608548815,37.8076998201404],[-122.361619904419,37.8077032176385],[-122.361627867086,37.8076911691882],[-122.361641300492,37.8076782321482],[-122.361667357924,37.8076780284544],[-122.361680713177,37.8076712604256],[-122.361706412181,37.8076774116951],[-122.361734185394,37.8076763769021],[-122.361749087547,37.8076713732734],[-122.361750140372,37.8076534730548],[-122.361775382133,37.8076320035749],[-122.361787503101,37.8076153283497],[-122.361781976666,37.8076046858705],[-122.361773386975,37.807591706941],[-122.361773669046,37.8075748102692],[-122.361803809321,37.8075671763535],[-122.361832080201,37.8075560001461],[-122.361833939713,37.8075496196218],[-122.361818721354,37.8075413221004],[-122.361804265665,37.8075254417591],[-122.361778431015,37.8075139262915],[-122.361762991671,37.8074974795748],[-122.36177074503,37.8074770895586],[-122.36179072446,37.8074648522814],[-122.361806044329,37.8074765324155],[-122.36181803055,37.8074544936753],[-122.361827619167,37.8074380405576],[-122.361836400199,37.8074316948002],[-122.361852851047,37.8074348680338],[-122.361851233181,37.8074209770624],[-122.361868895856,37.8074155397671],[-122.361873136803,37.8073955940238],[-122.361887768562,37.8073798641154],[-122.361878368591,37.8073645139133],[-122.361883789924,37.8073503290973],[-122.361871343765,37.8073240893807],[-122.361827588624,37.8072963733992],[-122.361827966815,37.8072814653467],[-122.361831610382,37.807273551054],[-122.361855336685,37.8072643421974],[-122.361848581354,37.8072346431834],[-122.361875229877,37.8072187237404],[-122.361890597357,37.8072023869675],[-122.361875352946,37.8071936855655],[-122.361871433597,37.8071871907419],[-122.361878013756,37.8071799329479],[-122.361886875637,37.8071738327382],[-122.361901853247,37.807171807142],[-122.361923707461,37.807174443114],[-122.361932704089,37.8071737049851],[-122.361945232892,37.8071639694893],[-122.361933593421,37.8071492502009],[-122.361927633998,37.8071213276195],[-122.361929652512,37.8071026096471],[-122.361945543709,37.8070864701563],[-122.361966362166,37.8070749340378],[-122.361979433552,37.8070597065574],[-122.361997492384,37.8070514657602],[-122.362016144104,37.807055550317],[-122.362045466912,37.8070837852089],[-122.362057959782,37.8070958145954],[-122.362066296148,37.8070780065036],[-122.362066747102,37.8070660778974],[-122.36207915643,37.8070515750603],[-122.362107748009,37.8070139580914],[-122.362159172965,37.8070366009525],[-122.362182376449,37.8070630593713],[-122.362201346173,37.8070705095164],[-122.36220815181,37.8070721901816],[-122.362200013073,37.8070472825492],[-122.362204354631,37.8070406564108],[-122.362214734664,37.8070351275307],[-122.362238737648,37.8070335568745],[-122.362232534781,37.8070259051594],[-122.362237612958,37.8070186714807],[-122.362254950443,37.8070200306345],[-122.362279293889,37.8070329159787],[-122.362295303664,37.8070422008064],[-122.362302874665,37.8070444655888],[-122.362307906129,37.8070414690638],[-122.362306360128,37.8070336810792],[-122.362315478028,37.8070377095675],[-122.362316725788,37.8070275560164],[-122.362321788693,37.8070197268654],[-122.362333553928,37.8070261933141],[-122.362351347758,37.8070299897175],[-122.362367679129,37.8070340196255],[-122.362383783227,37.8070379934637],[-122.362400404755,37.8070387528863],[-122.362413256952,37.8070421369298],[-122.362421807117,37.8070533174733],[-122.362430188398,37.8070579542081],[-122.362437051527,37.8070620181821],[-122.362452702874,37.8070570024461],[-122.362477636513,37.8070625696504],[-122.36250018243,37.8070628095427],[-122.362516839891,37.8070679118666],[-122.362519303071,37.8070762186678],[-122.362533015854,37.8070837511414],[-122.362541008165,37.8070728956635],[-122.362550050607,37.8070739446597],[-122.362554764965,37.8070822152635],[-122.362565339933,37.8070844332018],[-122.362575764882,37.8070806914511],[-122.362599376201,37.8070934327075],[-122.362616287884,37.8071086644394],[-122.362628699008,37.8071261204928],[-122.362625714805,37.8071550125766],[-122.362632848327,37.8071698028379],[-122.362627227568,37.8071853908431],[-122.362663158383,37.8072007112734],[-122.362669177095,37.8072103601762],[-122.362662836786,37.8072271511802],[-122.362674206762,37.807231144171],[-122.362694832979,37.8072147236516],[-122.362697368924,37.8072260099202],[-122.362682752436,37.8072423353321],[-122.36268670143,37.8072500225118],[-122.362678948969,37.8072704133004],[-122.362685046733,37.8072738938577],[-122.362697849522,37.8072657347043],[-122.362697800115,37.807273095402],[-122.362688499857,37.8072917217749],[-122.362709514146,37.807290794147],[-122.362711299997,37.8073020924695],[-122.36272133328,37.8073126633087],[-122.362741849903,37.8073218764177],[-122.362743620483,37.8073325792654],[-122.362778885646,37.8073606344878],[-122.362793908172,37.8073604776357],[-122.362804571175,37.8073661903134],[-122.362821153176,37.8073683131383],[-122.362838427779,37.8073680398894],[-122.362851980662,37.8073598701004],[-122.362865901854,37.8073650277633],[-122.362881192078,37.8073655771002],[-122.36293720563,37.8073914470289],[-122.362968238829,37.8074201133125],[-122.363005659051,37.8074452777438],[-122.363014369116,37.8074630225805],[-122.363020949275,37.8074557655234],[-122.36301772073,37.8074468746516],[-122.363030369009,37.8074419057844],[-122.363064075596,37.8074377978276],[-122.363074187032,37.8074421996154],[-122.363085907352,37.8074537661952],[-122.36308269857,37.8074613476021],[-122.363086707751,37.8074714180543],[-122.363099789916,37.807483729143],[-122.363128886348,37.8074961772087],[-122.363138107555,37.8074837206261],[-122.363151550843,37.807480527522],[-122.363160279773,37.8074897207374],[-122.363169949238,37.8074951395742],[-122.363170083986,37.8075005023415],[-122.363155182732,37.8075055066916],[-122.363151652353,37.8075145040167],[-122.36316000399,37.807517948366],[-122.363176948013,37.8075045662911],[-122.363189715768,37.807504364726],[-122.363207562598,37.8075175871104],[-122.363236968948,37.807531038737],[-122.363281041195,37.8075414626282],[-122.363329554711,37.8075379224657],[-122.363355105493,37.8075381140943],[-122.363446403072,37.80752355741],[-122.363479403582,37.807521247929],[-122.36354208443,37.8075339678172],[-122.36358965741,37.8075342020301],[-122.363658375835,37.807527361595],[-122.363683701139,37.8075186155179],[-122.363706186869,37.8075164721149],[-122.363743933179,37.8075236255446],[-122.363800381515,37.8075275021227],[-122.36382193659,37.8075182201949],[-122.363841041061,37.8075310323494],[-122.363851720233,37.8075271621591],[-122.363878548419,37.8075286504755],[-122.363877757003,37.8075177269284],[-122.363907360085,37.8075091185389],[-122.363930762995,37.807513518903],[-122.363928615123,37.8075029374465],[-122.363947124011,37.8074975548068],[-122.363957545367,37.8075029622873],[-122.363953010671,37.8075224991936],[-122.363972984712,37.8075194090028],[-122.363999662879,37.8075298896745],[-122.364025826312,37.8075293041423],[-122.364066591859,37.8075370047772],[-122.364122707819,37.8075575785983],[-122.36414461144,37.8075528524681],[-122.364159437236,37.8075559334309],[-122.364167274138,37.8075670081461],[-122.364176436056,37.8075728237194],[-122.364193003684,37.8075743510703],[-122.364223117009,37.8075691678716],[-122.364235245164,37.8075716881426],[-122.3642293073,37.8075839097878],[-122.364266124752,37.8076045822491],[-122.364305118822,37.8076015807788],[-122.364316215711,37.8076039967175],[-122.364344695,37.8076011620349],[-122.36438938349,37.8075855528254],[-122.364419336017,37.8075815030749],[-122.364460025208,37.8075862242351],[-122.364501800462,37.8075948950722],[-122.364502673624,37.8075896011561],[-122.364493056261,37.8075851064018],[-122.364486644086,37.8075691125121],[-122.364506734908,37.8075649726244],[-122.364499098329,37.8075563968884],[-122.364495884157,37.8075481029165],[-122.364510276965,37.8075434953116],[-122.36453090947,37.8075658406311],[-122.364540734344,37.8075688541684],[-122.364555844906,37.8075928481954],[-122.364560581722,37.8075897849776],[-122.36455830629,37.8075804980895],[-122.364573764499,37.8075677349154],[-122.364589854224,37.8075708506546],[-122.364598563391,37.8075679393192],[-122.364608417011,37.807571359535],[-122.364634192372,37.8076011471305],[-122.36465475391,37.8075914911814],[-122.364690067582,37.8075915295071],[-122.364706515735,37.8075882888554],[-122.364724360768,37.8075808529572],[-122.364782852771,37.807576351105],[-122.364821263835,37.8075707683252],[-122.364839045087,37.8075700983349],[-122.364864928246,37.807553594142],[-122.36489498857,37.807544566303],[-122.364921479888,37.8075616418351],[-122.364961687581,37.8075658704399],[-122.364999046718,37.8075894173346],[-122.36505651554,37.8076040073636],[-122.365066067326,37.8076253157419],[-122.36506795828,37.8076407851252],[-122.36506071696,37.8076516298736],[-122.365071681796,37.807669339174],[-122.365085558971,37.8076834266951],[-122.365229483453,37.8077300313953],[-122.36527218487,37.8077343316737],[-122.365321782653,37.8077347397707],[-122.365366034562,37.8077316552667],[-122.365376639174,37.8077350641192],[-122.365441890101,37.8077304551065],[-122.365489463082,37.807730688609],[-122.365666349447,37.8077135840169],[-122.365743045809,37.807715946722],[-122.365771326571,37.8077145144784],[-122.365823738776,37.8076979797992],[-122.365848159477,37.8076924353543],[-122.365855549018,37.8076875488328],[-122.365859188094,37.8076735741603],[-122.365884394821,37.8076600615224],[-122.365902160802,37.8076587939362],[-122.365929426467,37.8076374997623],[-122.365915922094,37.8076383095699],[-122.365909719227,37.8076306579173],[-122.365917936117,37.8076287402133],[-122.365917471688,37.8076102672282],[-122.365925858359,37.8075759501044],[-122.36594457386,37.8075732694334],[-122.365972542008,37.8075799799826],[-122.365983566133,37.807600073301],[-122.365984299158,37.8076086142549],[-122.365983682016,37.8076139890794],[-122.365977778288,37.8076182552973],[-122.365978739485,37.8076265861676],[-122.36599194472,37.8076345160366],[-122.36599575717,37.8076459881915],[-122.366008857301,37.8076497469472],[-122.366032531502,37.8076350660812],[-122.366046706918,37.8076404125144],[-122.366068610539,37.8076356870993],[-122.366072958385,37.8076077980594],[-122.366104934816,37.8075862313324],[-122.366135216126,37.807595289685],[-122.366155825275,37.807578272359],[-122.366188853633,37.8075675106389],[-122.366207800001,37.8075536062075],[-122.366236847924,37.8075518709037],[-122.36626632075,37.8075502952903],[-122.366298898154,37.8075404491253],[-122.366330160424,37.8075194799765],[-122.366360286325,37.8075154351905],[-122.366397093896,37.8074921920394],[-122.366444229397,37.8074842933834],[-122.366497115015,37.8074753166369],[-122.366522049552,37.8074808830999],[-122.366555065334,37.8074791683767],[-122.366563432242,37.8074832089062],[-122.36659099525,37.8074738304487],[-122.366606883752,37.8074724060075],[-122.366622643796,37.8074775026252],[-122.366633098389,37.8074749532518],[-122.36665281102,37.8074428405077],[-122.366673928615,37.807446083295],[-122.366670379372,37.807463632954],[-122.366678775925,37.8074688658417],[-122.366687052103,37.8074693300094],[-122.366710786491,37.8074570324033],[-122.366731229452,37.8074632660202],[-122.366740181164,37.8074607400675],[-122.366771444333,37.807439770896],[-122.366799051358,37.807461986365],[-122.366821974567,37.8074175114166],[-122.366855020892,37.8074169883404],[-122.36691510471,37.8074160372928],[-122.366927312814,37.8074029362553],[-122.366939344849,37.8074033415152],[-122.3669508352,37.8074121010909],[-122.366970705934,37.8074157782387],[-122.367000613545,37.8074196590808],[-122.367021781446,37.8074155397671],[-122.367037784035,37.8074254214354],[-122.367053919574,37.8074480244251],[-122.367067544322,37.8074519812073],[-122.367082564153,37.8074517434455],[-122.367116270739,37.8074476333601],[-122.367139238864,37.807434751637],[-122.367156511671,37.8074344783883],[-122.367171697691,37.8074407950462],[-122.367194065741,37.8074545405179],[-122.367230236406,37.8074587364811],[-122.367242673581,37.8074783585674],[-122.367257117593,37.8074913041592],[-122.367268214481,37.8075186524242],[-122.367351384104,37.807615383709],[-122.367378491666,37.8076568882985],[-122.367392895253,37.8076620253583],[-122.36742831852,37.8076570856047],[-122.367455307504,37.8076640175836],[-122.367501810591,37.8076907028927],[-122.367655842018,37.807860928947],[-122.367729621551,37.8078967186332],[-122.367797785714,37.8079182916571],[-122.367820778992,37.8079157493962],[-122.367825600251,37.8079281917112],[-122.367832633161,37.8079296615665],[-122.367853183021,37.8079102603268],[-122.367909092368,37.8078628785829],[-122.367915262896,37.8078784863144],[-122.367911344444,37.8078926483175],[-122.36793463776,37.8079020238829],[-122.367956298836,37.8078969116804],[-122.367975783295,37.8078856673886],[-122.368000539966,37.8078542773311],[-122.367991465185,37.8078313792169],[-122.367999520378,37.8078137579623],[-122.367997534203,37.8078038621512],[-122.368001725742,37.8077912771588],[-122.368012886411,37.8077869279121],[-122.368037268484,37.8077925355162],[-122.368042390678,37.807802252476],[-122.368043677964,37.8078162455772],[-122.368045509629,37.8078293309272],[-122.368061765542,37.8078390010399],[-122.368058425606,37.8078648928045],[-122.368035563482,37.8078819462608],[-122.368043438114,37.8078869789743],[-122.368026042238,37.8079122922903],[-122.368034945441,37.8079171262767],[-122.368069268271,37.8079076414145],[-122.36808478577,37.8078972615785],[-122.368111372309,37.8079087620819],[-122.36809934207,37.807958820195],[-122.368135332174,37.8079558655813],[-122.368155519115,37.8079817743386],[-122.368186968235,37.8079868475],[-122.368206559593,37.8079797736051],[-122.368224655256,37.8079916147668],[-122.368254892548,37.8079988852561],[-122.368295072394,37.8080131522764],[-122.368308636057,37.808014725041],[-122.368315260234,37.8080092558513],[-122.368321998497,37.8079888233926],[-122.368321149589,37.8079745883056],[-122.368323208527,37.8079668068069],[-122.368331533215,37.8079599103431],[-122.36834431175,37.8079663802582],[-122.368351506357,37.807986625354],[-122.36837491286,37.8079818758301],[-122.368380812097,37.8079867573641],[-122.368372761395,37.807995230139],[-122.36840098736,37.8080029222085],[-122.368439891598,37.8079963451272],[-122.368472107879,37.8080020016869],[-122.368479963646,37.8080155880742],[-122.368478656598,37.808023358212],[-122.36847428809,37.80802938312],[-122.368463078912,37.8080313547532],[-122.368455779202,37.8080398154576],[-122.368452248823,37.8080488127177],[-122.368457746513,37.8080582642045],[-122.3684668177,37.8080605048248],[-122.368517847398,37.8080487594879],[-122.368557499035,37.8080579796024],[-122.368570070957,37.8080731756488],[-122.368577509008,37.8080907336754],[-122.368610224752,37.8080771011694],[-122.368657599205,37.8081085408133],[-122.36866630927,37.8081056287893],[-122.368663064556,37.8080961432416],[-122.368681059607,37.8080946655827],[-122.368696140524,37.8080968103883],[-122.368709163401,37.808106738098],[-122.368719574875,37.8081230576374],[-122.36873450218,37.8081283926795],[-122.368743739556,37.8081371876558],[-122.36874273524,37.8081477271474],[-122.368768884299,37.8081510962357],[-122.368778918481,37.8081616669534],[-122.368778616647,37.8081795549833],[-122.368782899815,37.8081912023567],[-122.368803929375,37.8081908694936],[-122.368843463333,37.8082093189124],[-122.368893872295,37.8082419025833],[-122.368910087784,37.8082624038157],[-122.368927635475,37.8082791285758],[-122.368935778703,37.8082948873915],[-122.368991836272,37.8083130748945],[-122.368994058704,37.8083416528141],[-122.368997452539,37.8083570979167],[-122.369041493344,37.8083754749017],[-122.369186622466,37.8084697451507],[-122.369203101162,37.8084768381612],[-122.369217426596,37.8084790006989],[-122.369264099464,37.8085030916628],[-122.369295624043,37.8085111435107],[-122.369316162225,37.8085118042661],[-122.369371584685,37.8085439179648],[-122.36939223875,37.8085584936106],[-122.369417202932,37.8085652509122],[-122.369430860019,37.8085612508964],[-122.369426923601,37.8085839663847],[-122.369494847915,37.8085960040435],[-122.369554059469,37.8086201013567],[-122.369564556283,37.8086284874726],[-122.369619037308,37.8086437181781],[-122.369650853839,37.8086447962507],[-122.36967183489,37.80865182324],[-122.369731483924,37.8086633960178],[-122.369777477666,37.8086698197391],[-122.369815922865,37.8086796238797],[-122.369865093949,37.8086881029627],[-122.369907273445,37.8086922023332],[-122.369932192711,37.8086971725357],[-122.369947198169,37.8086963386092],[-122.369938259932,37.8086925259677],[-122.369926363543,37.8086874535645],[-122.369900273772,37.8086827764777],[-122.369893244455,37.808672158283],[-122.369906387706,37.8086570461074],[-122.369915414876,37.8086574996218],[-122.369928886911,37.8086689801345],[-122.36994368396,37.8086761263552],[-122.369951134587,37.808673623865],[-122.369959065813,37.8086603839446],[-122.36996800405,37.8086572618638],[-122.36996668173,37.8086644364748],[-122.369968468479,37.8086702100879],[-122.369967102141,37.8086811199798],[-122.369962941145,37.8086948971581],[-122.369966935953,37.8087043712734],[-122.36998002261,37.8087075338065],[-122.369985020836,37.8087064692195],[-122.369981806664,37.808698174667],[-122.370015274298,37.8086845294981],[-122.370044341984,37.8086957843141],[-122.370063460828,37.8086885337656],[-122.370073999863,37.8086761774555],[-122.370092380292,37.8086640248342],[-122.370111516205,37.8086780284181],[-122.370118004736,37.8086970000726],[-122.370142039161,37.8086966189504],[-122.370163126214,37.8086780120944],[-122.370184695663,37.8086693250608],[-122.370182218109,37.8086604222697],[-122.370191278517,37.808652918346],[-122.370212157161,37.8086764322467],[-122.370250219678,37.8086960958832],[-122.37025731008,37.8086792931479],[-122.370333195264,37.8086792810825],[-122.370352133547,37.8086946870796],[-122.370367094988,37.8087218709525],[-122.370368836821,37.8087313805506],[-122.370392857772,37.8087510604962],[-122.370412084414,37.8087388333662],[-122.370427764507,37.8087441570083],[-122.370435304067,37.8087750349765],[-122.370448491336,37.808791516895],[-122.370444901668,37.8087981315208],[-122.370419473955,37.8087935587704],[-122.370418542402,37.8088162252164],[-122.370406257043,37.8088199278443],[-122.37039277872,37.8088168405467],[-122.370376685402,37.8088288391328],[-122.370355905573,37.8088351024422],[-122.370358289701,37.8088495772498],[-122.370374813313,37.8088791208947],[-122.37042001025,37.8089135743893],[-122.370452080105,37.8089339292324],[-122.370461290532,37.8089621903756],[-122.37047790128,37.8089746516768],[-122.370514674714,37.8089935338302],[-122.370608826241,37.8090325756212],[-122.370683209441,37.8090623931453],[-122.370731518142,37.8090711645894],[-122.3707989924,37.809065326423],[-122.370826762919,37.8090734378262],[-122.370859196592,37.8090691397549],[-122.370860019449,37.8090812554039],[-122.370876091208,37.8090929225074],[-122.370902874478,37.8090976329251],[-122.3709127272,37.8091155895712],[-122.370951364638,37.8091487484255],[-122.370970546365,37.8091576618035],[-122.37097866983,37.8091681933424],[-122.370998501038,37.8091706532327],[-122.371012948643,37.8091867255543],[-122.371024394976,37.8091936971339],[-122.371023868563,37.8092026467022],[-122.371031709957,37.8092156374137],[-122.371081536811,37.8092456372618],[-122.371100025038,37.8092431667283],[-122.371118756708,37.8092410808627],[-122.371129421508,37.8092468728834],[-122.371142642912,37.8092852041116],[-122.371172443623,37.8092751928135],[-122.371264129274,37.809315076182],[-122.371310439224,37.8093340128967],[-122.371340859773,37.8093392853961],[-122.371358191868,37.8093505429512],[-122.371364365989,37.8093570020986],[-122.371375691948,37.8093592071937],[-122.371391538229,37.8093619360608],[-122.371405151299,37.8093561490171],[-122.371411967716,37.8093675726437],[-122.371412102463,37.8093729359847],[-122.371419837856,37.8093817542334],[-122.371447597595,37.8093801225913],[-122.37145519824,37.8093835774993],[-122.371460639336,37.8093921359899],[-122.37146003477,37.8093966150204],[-122.371461732586,37.8094043374618],[-122.371462798886,37.8094168391423],[-122.371492212423,37.8094417992043],[-122.371523523202,37.8094532973379],[-122.371557476825,37.8094767371732],[-122.371576268683,37.8094770345447],[-122.371591626281,37.8094937100592],[-122.371616900381,37.8095091755026],[-122.371627896659,37.8095330936692],[-122.371643716889,37.8095502709406],[-122.371693556319,37.8095900150563],[-122.371696381521,37.809612623061],[-122.371732491999,37.8096740454017],[-122.371734895891,37.8097097731736],[-122.371755264291,37.8097428324009],[-122.371770251783,37.8097505505478],[-122.371787830915,37.8097530451946],[-122.371794211649,37.8097769952194],[-122.371792547071,37.8097911220824],[-122.371799513506,37.8098085044012],[-122.37181447854,37.8098265396527],[-122.371819704938,37.8098550701454],[-122.371826537524,37.8098670912736],[-122.371838589322,37.8098705170605],[-122.371847386524,37.8098894117596],[-122.371838813003,37.8098976863063],[-122.371887421741,37.8099779867629],[-122.371939965999,37.8100355713876],[-122.372050522559,37.8101291929705],[-122.372067314766,37.8101488058307],[-122.372080142709,37.8101509867719],[-122.372104720615,37.8101629077827],[-122.372107932092,37.8101803510491],[-122.372150171775,37.8102166385373],[-122.372193245993,37.8102444783316],[-122.372214659134,37.8102710534128],[-122.372234847872,37.810282811171],[-122.372273423327,37.8103183548337],[-122.37232039803,37.8104026966219],[-122.372394514431,37.8104813982678],[-122.372416789056,37.8104800597593],[-122.372415031053,37.8104699535223],[-122.372427801503,37.8104606031227],[-122.372437487139,37.8104666171863],[-122.372438599253,37.8104809057308],[-122.372450616017,37.8104807148194],[-122.372453080096,37.8104890212367],[-122.37246921294,37.8105030713151],[-122.372460696013,37.8105228785358],[-122.372484493283,37.8105336206631],[-122.372498174624,37.8105491085993],[-122.372518273531,37.8105416353848],[-122.372526609897,37.8105444841487],[-122.372539843877,37.8105627534237],[-122.372561971179,37.8105761122337],[-122.372574032859,37.8105777097834],[-122.372596039787,37.8105863014918],[-122.3726063767,37.8105996411356],[-122.372610683224,37.8106049639338],[-122.372633548043,37.8106137231297],[-122.372647136858,37.8106402881422],[-122.372659640509,37.8106651704326],[-122.372671012282,37.8106691632375],[-122.372681437231,37.8106654202491],[-122.372690060159,37.8106795902342],[-122.372716903616,37.8107012199312],[-122.372731356611,37.8106989950045],[-122.372712547686,37.8107370550812],[-122.372709738654,37.8107448490626],[-122.372718181021,37.810751868755],[-122.372732555862,37.8107558132952],[-122.372749064202,37.810754955262],[-122.372768851393,37.8107854321158],[-122.372785131561,37.8107847841555],[-122.372786903937,37.8107954857915],[-122.372796340739,37.8108028787837],[-122.37280384796,37.8108119076438],[-122.372792495949,37.8108291683629],[-122.372801520425,37.810838769951],[-122.37277970933,37.8108677294234],[-122.372784130837,37.8108801045289],[-122.372788603549,37.8108926244119],[-122.372771677493,37.8108974560741],[-122.372806613872,37.810921548378],[-122.372820376961,37.8109217187068],[-122.372833927148,37.8109525013739],[-122.372824519991,37.8109578866006],[-122.372809996029,37.8109662021903],[-122.372794968113,37.8109656791392],[-122.372782403377,37.8109652419622],[-122.372777503965,37.8109719252345],[-122.372782460869,37.8109767732147],[-122.372776663142,37.8109852115809],[-122.372762064621,37.8109929856644],[-122.372762455388,37.8110084784721],[-122.372775669606,37.8110153228429],[-122.372784444349,37.8110256234638],[-122.372795954463,37.8110258299872],[-122.372784414705,37.8110542365283],[-122.372815780281,37.8110763905852],[-122.372817943425,37.8110981507511],[-122.372790788252,37.8111189052637],[-122.372753655491,37.8111361850729],[-122.372740013675,37.8111407810984],[-122.372735577795,37.8111502847072],[-122.372727127343,37.8111568742823],[-122.37271084448,37.8111666702859],[-122.37270961289,37.8111774201262],[-122.372744219588,37.8111743300884],[-122.372752406833,37.8111852935476],[-122.372759826917,37.811181598845],[-122.372771920038,37.8111843865499],[-122.372776441258,37.8111770532108],[-122.372782960333,37.8111752697325],[-122.372798972802,37.8111845540393],[-122.37280101647,37.8111761753108],[-122.372807072013,37.8111687191927],[-122.37281691126,37.8111876114305],[-122.372813559646,37.8111968396694],[-122.372818502177,37.8112140492],[-122.372813424899,37.8112212824677],[-122.372802113313,37.8112196742864],[-122.372791179917,37.8111940086732],[-122.372781232872,37.8111961611955],[-122.372759888901,37.8112075043413],[-122.372750785374,37.8112103552086],[-122.37273777687,37.8112010247744],[-122.372731304509,37.8112033043329],[-122.372713081285,37.8112347980024],[-122.37266876829,37.8112355013155],[-122.372629656541,37.8112239473929],[-122.372617034313,37.8112100940388],[-122.372595902344,37.8112083552723],[-122.372576235528,37.8112012050384],[-122.372529927375,37.8112029246431],[-122.372512438973,37.8112040055172],[-122.372493721676,37.8112066874759],[-122.372427251735,37.8112226450926],[-122.372413360187,37.8112286200606],[-122.372391396378,37.8112309634913],[-122.372374197234,37.8112342174675],[-122.372364703838,37.8112450978828],[-122.372355885975,37.8112529876202],[-122.372344679492,37.8112555496377],[-122.372320678304,37.8112479750076],[-122.372279940604,37.8112712737526],[-122.372247493456,37.8112658275146],[-122.372180619273,37.8112955021969],[-122.372168403084,37.8112970954728],[-122.372145048683,37.8113151424256],[-122.37210428044,37.811367055512],[-122.372036504349,37.811480199201],[-122.372013821888,37.8115342086178],[-122.371982337734,37.8115967038411],[-122.371958152391,37.8116507380119],[-122.371960600301,37.8116616162368],[-122.371963230568,37.8116733091913],[-122.37195298618,37.8116842016067],[-122.371953616798,37.8117092283233],[-122.371941957564,37.8117328682863],[-122.371949577074,37.8117422029114],[-122.371947465135,37.8117594265089],[-122.371937495631,37.8117645327664],[-122.371937286324,37.811785996077],[-122.371942238736,37.8118020862815],[-122.371939814183,37.8118218732823],[-122.371944466558,37.8118323788922],[-122.371938217877,37.8118527449955],[-122.371931807499,37.811887214845],[-122.371898338967,37.8119008608415],[-122.371866613166,37.8118942102992],[-122.371896776796,37.8119581118301],[-122.371891666281,37.811973302106],[-122.371888091884,37.8119805118794],[-122.371889386356,37.8119928037643],[-122.37186222759,37.8120182710955],[-122.371837020864,37.8120317850649],[-122.371807187813,37.8120406037058],[-122.371811211367,37.8120604190303],[-122.371807891194,37.8120777582333],[-122.371805506167,37.812093088294],[-122.371805141451,37.8120992867445],[-122.371799599744,37.8121065028928],[-122.371792674631,37.812129860981],[-122.371794747943,37.8121524809825],[-122.371793005211,37.8121727760284],[-122.371799791085,37.8121851736253],[-122.371797586619,37.8122054892432],[-122.371842136769,37.8122700043869],[-122.371855887281,37.8122826546172],[-122.371863803235,37.8122986233564],[-122.371855121018,37.8123118753989],[-122.371872080313,37.8123288937631],[-122.371868521187,37.8123366989314],[-122.371864410497,37.8123467630412],[-122.37186865863,37.8123627189922],[-122.371858911909,37.8123669274508],[-122.371835533254,37.8123694127833],[-122.371808450844,37.8123887120755],[-122.371790948069,37.8123891960836],[-122.371782220936,37.8124006604029],[-122.371769587928,37.812406225785],[-122.371755391852,37.8124094314505],[-122.371739769251,37.8124156412295],[-122.371728939162,37.8124330995768],[-122.371714803273,37.8124386890859],[-122.371712264634,37.8124572091219],[-122.371698444951,37.8124753111468],[-122.371697167547,37.8124842730917],[-122.37170299941,37.8124976847808],[-122.3717028979,37.8125062365232],[-122.371698670428,37.8125140544472],[-122.371695921584,37.8125242320829],[-122.371702518811,37.8125382278377],[-122.371695079862,37.8125504742098],[-122.371689537257,37.8125690424765],[-122.37168911954,37.8126028193369],[-122.371697513398,37.8126172004369],[-122.37170747302,37.812624791959],[-122.371720422235,37.8126317390846],[-122.371745868812,37.8126277591603],[-122.371750438542,37.8126507274655],[-122.371740746618,37.8126630107225],[-122.371753198166,37.8126788715072],[-122.371756508458,37.8127126270267],[-122.371750894886,37.8127168383041],[-122.371730126735,37.8127186167775],[-122.371718348923,37.812728342315],[-122.371711829849,37.8127379826889],[-122.371716457071,37.8127426786803],[-122.371760740421,37.8127407838191],[-122.371764109104,37.8127458885894],[-122.371730246211,37.8127531891271],[-122.371700414058,37.8127620076818],[-122.371676438922,37.8127647733268],[-122.371658472616,37.8127674424545],[-122.371651862812,37.8127735088469],[-122.37165129328,37.8127806709932],[-122.371663763693,37.8127892085092],[-122.37166458655,37.8127940861768],[-122.371643345885,37.8128231208186],[-122.371664993487,37.8128174128213],[-122.371670130054,37.8128423674756],[-122.371653728613,37.812868054516],[-122.371622002812,37.8128614040608],[-122.371611485337,37.8128707186721],[-122.371603823606,37.8128946854277],[-122.371595110846,37.8129067458033],[-122.371597998031,37.8129225880838],[-122.371596767339,37.8129929482636],[-122.371580155693,37.813001299818],[-122.371557722065,37.81300331248],[-122.371547795681,37.8130175700172],[-122.371536376298,37.8130209381737],[-122.371531508327,37.8130365142985],[-122.371527786607,37.8130584229201],[-122.371514834697,37.813090428189],[-122.371521910727,37.813102834148],[-122.371539444044,37.813103542411],[-122.371542574673,37.8131126142804],[-122.371548108295,37.8131286474212],[-122.371569830457,37.8131259186933],[-122.371589646394,37.8131277816089],[-122.371613994331,37.813149062135],[-122.371614823476,37.8131726867336],[-122.371625726329,37.8131673548946],[-122.371647147555,37.8131825144055],[-122.371660636658,37.8131811078165],[-122.371654508351,37.8132062411875],[-122.371664738365,37.8132245587719],[-122.37166068337,37.8132431006109],[-122.371650467729,37.8132545910558],[-122.371651639132,37.8132712635882],[-122.371645991423,37.8132856594613],[-122.371633748284,37.8133067178118],[-122.371637833822,37.8133197674145],[-122.371645526096,37.813326798217],[-122.37164809438,37.8133392758139],[-122.371661720026,37.8133432322805],[-122.371697050766,37.8133438638958],[-122.37170390042,37.8133473321022],[-122.371714876934,37.8133628428676],[-122.371718719029,37.813368273338],[-122.371725877703,37.8133845377789],[-122.371722363494,37.8133941312282],[-122.371729333522,37.8134023663498],[-122.371725877703,37.8134143436099],[-122.371750892191,37.8134137389631],[-122.371747254014,37.8134277139687],[-122.37173398949,37.8134380589627],[-122.371724525739,37.8134501306044],[-122.371704667581,37.8134671373513],[-122.371694993624,37.8134708674235],[-122.371689179727,37.8134787093744],[-122.371699891239,37.8134862887435],[-122.371711385183,37.8134858998395],[-122.371718172853,37.8134961326961],[-122.371713950771,37.8135075258757],[-122.371706757961,37.8135200822164],[-122.371699440285,37.8135280235171],[-122.371703784537,37.8135420545656],[-122.371707416426,37.8135463757959],[-122.371723984953,37.8135479016038],[-122.371750198691,37.8135445043746],[-122.371764379496,37.813540704048],[-122.371753824292,37.8135539956095],[-122.371730685487,37.8135752163998],[-122.371718683096,37.8135760027228],[-122.371702669728,37.8135667194263],[-122.371680767903,37.813562297423],[-122.371635193674,37.8135634109077],[-122.371608452624,37.8135550998686],[-122.371587376351,37.8135536457383],[-122.371556701579,37.8135589016138],[-122.371546005339,37.8135519183819],[-122.37153559117,37.8135555746432],[-122.371516802906,37.8135559578693],[-122.371488832063,37.8135492485729],[-122.37146966471,37.8135638594242],[-122.37145232992,37.8135915553112],[-122.371446940028,37.8136069333156],[-122.371429315082,37.8136622611759],[-122.371431027271,37.8136705800094],[-122.371424838777,37.8136933301195],[-122.371419040152,37.8137017681752],[-122.371423734747,37.8137195377664],[-122.371412634266,37.8137734092872],[-122.371408329539,37.8137836044912],[-122.371405479184,37.8138081315942],[-122.371397396143,37.813847355355],[-122.371391006427,37.8138715070188],[-122.371380710835,37.8139104156503],[-122.371370713484,37.8139308443414],[-122.371362422034,37.8139638740016],[-122.371363773999,37.8139834113275],[-122.371347272845,37.8140438811989],[-122.37133320433,37.8140822546462],[-122.371322478445,37.8141038840562],[-122.3713219161,37.8141267419029],[-122.37128557206,37.8142699813622],[-122.371255376989,37.8144731372306],[-122.371253123115,37.8145625888529],[-122.371265260253,37.8146565822386],[-122.371281154146,37.8147207098913],[-122.371285479534,37.8147366497165],[-122.37128402067,37.8147542529967],[-122.371290359182,37.8147672668602],[-122.371304348646,37.8148061814067],[-122.371305440998,37.814829022004],[-122.371306613299,37.8148456948905],[-122.371307004066,37.8148611875995],[-122.371313391088,37.8148668407946],[-122.371330348585,37.8149526180062],[-122.371379440617,37.8150817903364],[-122.371442743997,37.8151785486157],[-122.371488712587,37.8152433904445],[-122.37163726968,37.8154527212231],[-122.37168463515,37.8155335670432],[-122.371691412939,37.8155547134599],[-122.371749038966,37.8156050637364],[-122.371768396762,37.815640131495],[-122.371771824734,37.8156835951964],[-122.371840375173,37.8157705246512],[-122.371881579997,37.8158344576002],[-122.371890458047,37.8158587569319],[-122.371901528884,37.8158806370395],[-122.371924201464,37.8159062996042],[-122.371927382398,37.8159225500024],[-122.371982380853,37.8159878453567],[-122.37198883974,37.8160056264618],[-122.372034975416,37.8160770233463],[-122.372073905706,37.8161321754903],[-122.372081124567,37.8161490162703],[-122.372098160218,37.816169012873],[-122.372100864147,37.8161868535453],[-122.372120213859,37.8162091990876],[-122.372148398501,37.8162747120515],[-122.372174358016,37.8162909914643],[-122.372194560228,37.8163266443596],[-122.372235493761,37.8163703524863],[-122.372293217704,37.816445285915],[-122.372367961129,37.8165559380496],[-122.372395974193,37.8166165257445],[-122.372446994009,37.8166729413688],[-122.372475505638,37.8167309082394],[-122.372522853142,37.8167852459299],[-122.372677263658,37.8170138370664],[-122.372747255893,37.8171181561974],[-122.372766271431,37.8171556970543],[-122.37279003726,37.8171819190842],[-122.372801335372,37.817205213118],[-122.372817507742,37.8172228612266],[-122.372837647072,37.8172445762928],[-122.372852236611,37.8172746218439],[-122.372912686941,37.8173596255872],[-122.372912858519,37.8173649727355],[-122.373139496279,37.8177027527645],[-122.373156351369,37.817745404845],[-122.37319501935,37.8177980507232],[-122.373205439807,37.8178174727828],[-122.373279405291,37.8179260663353],[-122.373297473106,37.8179471673596],[-122.373426862847,37.818132154995],[-122.373613665713,37.8184177047969],[-122.373761642495,37.818625756338],[-122.373800649141,37.8186805993087],[-122.373832378536,37.8187170536395],[-122.373846553052,37.818740923407],[-122.373852943667,37.8187670064963],[-122.373863865385,37.8187829284168],[-122.373871543285,37.8187893633213],[-122.373881008834,37.8188096813797],[-122.373882104778,37.8188207891787],[-122.373910461897,37.8188485505081],[-122.373918582667,37.8188667063167],[-122.373990381414,37.8189722689325],[-122.374025928648,37.8190408528315],[-122.37405515354,37.8191176761182],[-122.374087604281,37.8191529274201],[-122.374122400523,37.8192215225053],[-122.374162003651,37.8192721583877],[-122.374273384865,37.8194361960978],[-122.374288055252,37.8194728331378],[-122.374321507615,37.8195070688027],[-122.374385562884,37.8196014071548],[-122.374419335047,37.8196722307372],[-122.374492002466,37.8197581648678],[-122.374549891699,37.8198521764749],[-122.374648485395,37.8199886216041],[-122.374702387905,37.8200492419624],[-122.374753007073,37.8201425542283],[-122.374804523658,37.8202252590681],[-122.374837093875,37.8202744253621],[-122.374905782655,37.8202474948171],[-122.375264294895,37.8195956138175],[-122.375400767851,37.8196435174082],[-122.375047994049,37.8202845770915],[-122.374944873743,37.8202480653465],[-122.374846468694,37.8202885828588],[-122.374867115572,37.8203232190767],[-122.374905079274,37.8203776634031],[-122.37498658881,37.8204715379758],[-122.37503467922,37.8205401297068],[-122.375093500007,37.8205985987832],[-122.375177680234,37.8207274184928],[-122.375196295123,37.8207503707955],[-122.375219706118,37.8207754249519],[-122.375278573617,37.8208701462903],[-122.375302969165,37.820897702482],[-122.375334296114,37.8209478731316],[-122.37534768191,37.8209721012387],[-122.375367097198,37.8209941373633],[-122.375455289301,37.8211265704023],[-122.375484706432,37.8211606768616],[-122.375523893639,37.8212152859082],[-122.375543272995,37.8212479695704],[-122.375555446065,37.8212743945125],[-122.375730226779,37.8215349683879],[-122.375768178803,37.8215835796113],[-122.375794401524,37.8216306445834],[-122.375893234172,37.8217649853019],[-122.37589399774,37.8217747181628],[-122.3759024437,37.8217817353873],[-122.375919228721,37.8218122609091],[-122.376004689047,37.8219229695719],[-122.376062742672,37.8219991519313],[-122.376076579423,37.822011449244],[-122.376092235262,37.8220362375833],[-122.376104896117,37.822043115702],[-122.376188002857,37.8221384371505],[-122.376263338272,37.8222350002666],[-122.37634259663,37.8223512935058],[-122.376352226569,37.8223623454235],[-122.376376708356,37.8224297056731],[-122.376413518621,37.8224589252768],[-122.376426590905,37.8225004449386],[-122.376458894323,37.8225297376023],[-122.376521338015,37.822591931166],[-122.376583629892,37.8226481662449],[-122.376642287185,37.8227092286223],[-122.376673479386,37.8227540363816],[-122.376718344845,37.8228045889475],[-122.376757060437,37.8228702741647],[-122.376778566105,37.8228978154178],[-122.376807534976,37.8229438506496],[-122.376817006813,37.8230211942588],[-122.376846487724,37.8230874888179],[-122.376853968893,37.8231251323672],[-122.376870080178,37.8231586475278],[-122.376895231209,37.8232115073877],[-122.376906035247,37.8232226613568],[-122.376938326987,37.8232720136942],[-122.376962171868,37.8233326441283],[-122.376966289745,37.8233468854788],[-122.376983629925,37.8233787990084],[-122.376989325244,37.8233959957652],[-122.377010753656,37.8234271308608],[-122.377027445253,37.8234472503785],[-122.377035388157,37.8234710263705],[-122.377086966725,37.8235629343055],[-122.37713143962,37.8236369464923],[-122.377167199755,37.8236840655022],[-122.37717565919,37.8236916807216],[-122.377193015539,37.8237241908591],[-122.37723410987,37.8237742063183],[-122.377236094249,37.8237932500186],[-122.377261652217,37.8238232446527],[-122.377273537827,37.8238474959416],[-122.377280871672,37.8238700307512],[-122.37730820561,37.8239015793312],[-122.377323890195,37.8239367063009],[-122.377343530062,37.8239703729425],[-122.377391329418,37.824038553415],[-122.377403798933,37.8240653860743],[-122.377422576417,37.8240882756058],[-122.377431145446,37.824106679187],[-122.377439321014,37.8241327781197],[-122.377452528944,37.8241498547823],[-122.377468112917,37.8241625143301],[-122.377516556365,37.8242356609432],[-122.377583943486,37.824324210929],[-122.377625940624,37.8243801729212],[-122.37764242471,37.8244079271926],[-122.377667937762,37.824436134871],[-122.377675316524,37.8244604576254],[-122.377698411312,37.8244821457273],[-122.377722964065,37.8245318285928],[-122.377739207402,37.8245500489937],[-122.377748140249,37.8245718889177],[-122.377763399032,37.8245854303911],[-122.377786633059,37.824633139159],[-122.377851936088,37.8247191313751],[-122.377891097245,37.8248115011049],[-122.377958020835,37.8249113843443],[-122.377976414739,37.8249552037569],[-122.37801469914,37.82498320758],[-122.378064015751,37.8250611081912],[-122.378083205562,37.8251067028516],[-122.37809957107,37.8251205422449],[-122.378204775467,37.8252676580146],[-122.378243253006,37.825334046347],[-122.37831572549,37.82543705096],[-122.378328899284,37.8254610519522],[-122.37834357506,37.8254766339669],[-122.37837098805,37.8255205885704],[-122.378470902269,37.8256582805639],[-122.378521058804,37.8257099394752],[-122.378619537516,37.8258391256208],[-122.378655903115,37.8259100794531],[-122.378678294522,37.8259633730114],[-122.378749971997,37.8260635697354],[-122.378761693214,37.8260812661047],[-122.378817682511,37.8261463353482],[-122.378853911566,37.8262210750776],[-122.378870139632,37.8262386990343],[-122.378902253505,37.8262900495921],[-122.378913026102,37.8263000117523],[-122.379003187312,37.8264497370393],[-122.379013920383,37.8264855822836],[-122.379030946153,37.8264958346248],[-122.37904701342,37.8265249639245],[-122.379080066931,37.8265751371348],[-122.37914201116,37.8267064866078],[-122.379150477781,37.8267737116255],[-122.379153199676,37.8268529762308],[-122.37915071314,37.826872065967],[-122.379134762654,37.8269247784191],[-122.379110959095,37.8270235142963],[-122.379096930105,37.8270630815518],[-122.379083626954,37.827122101746],[-122.37905760815,37.8271630511466],[-122.379046941555,37.8271962139572],[-122.379041670241,37.8272255068857],[-122.37901107452,37.8272842062352],[-122.378991576587,37.8273571624342],[-122.378957298673,37.8274162065178],[-122.378944563257,37.8274772124438],[-122.378896057825,37.8275933228749],[-122.378876999168,37.827667460866],[-122.378846339667,37.8277329253447],[-122.378829065962,37.8277536844045],[-122.378786988874,37.8278524965126],[-122.378786705007,37.8278709800427],[-122.378764328871,37.8279086466955],[-122.378764668435,37.8279208075015],[-122.378750714903,37.8279633536324],[-122.378727096398,37.8279977698391],[-122.378694797472,37.828075084737],[-122.378685458586,37.828087190881],[-122.378680592412,37.8281027666649],[-122.378661333431,37.8281436098002],[-122.378643846826,37.8281653471968],[-122.378639040839,37.8281833077195],[-122.378628931199,37.8281995632198],[-122.378615441198,37.828230775757],[-122.378606776049,37.8282744300052],[-122.378590962106,37.8283233553712],[-122.37857342789,37.8283524548585],[-122.378573928252,37.8283629701781],[-122.378560194808,37.828393796659],[-122.378545715762,37.8284452925908],[-122.378534072698,37.8284603801392],[-122.378529347559,37.828501976602],[-122.378513225495,37.8285274765526],[-122.378498713212,37.8285479749899],[-122.378493935971,37.8285671267265],[-122.37849381919,37.8285921647482],[-122.378480128865,37.8286195186779],[-122.37847292258,37.8286276690855],[-122.378466857155,37.8286460374771],[-122.378450285035,37.8286834667504],[-122.378447011574,37.8287025943278],[-122.378448891748,37.8287174675448],[-122.378440810503,37.8287545547875],[-122.378434051579,37.8287844679376],[-122.378431686315,37.8288301986561],[-122.378400546216,37.8288903945482],[-122.378395165307,37.828910865213],[-122.378358283176,37.8289680831426],[-122.378331967929,37.8290567260744],[-122.378306566267,37.8290891288383],[-122.378292906485,37.8291211009041],[-122.378292548057,37.829132463291],[-122.3782775417,37.8291631035541],[-122.378274388614,37.8291869976147],[-122.378262924314,37.8291969686077],[-122.378243420093,37.8292421584108],[-122.378239718135,37.829272197659],[-122.378223105591,37.8292892234654],[-122.378190689884,37.829364326127],[-122.37817013643,37.8294330621411],[-122.37814548576,37.8294690570651],[-122.378138347747,37.8294836406415],[-122.378134443669,37.8295075473698],[-122.378107226512,37.829557696557],[-122.37808212938,37.8296158420419],[-122.378050842855,37.8296787689568],[-122.378021009805,37.8297471995834],[-122.378005913616,37.8297886676068],[-122.377992587109,37.8298120321617],[-122.377976303348,37.8298516341075],[-122.377957574373,37.82990816662],[-122.377957753137,37.8299204817719],[-122.377951765866,37.8299369873503],[-122.377929764328,37.8299976286276],[-122.377917554427,37.8300248443894],[-122.37791384708,37.8300415039101],[-122.377908697038,37.8300556985567],[-122.377901078426,37.8300712341921],[-122.37789294508,37.8300827773599],[-122.377886073866,37.8300961879801],[-122.377873621419,37.8301309047374],[-122.377862026864,37.8301571249957],[-122.377858695911,37.8301692982024],[-122.37785510804,37.8301852084394],[-122.377852046581,37.830191493351],[-122.3778503838,37.8301949110996],[-122.377848297912,37.8301993441684],[-122.377844268069,37.8302079967402],[-122.377840457416,37.8302235713669],[-122.377833668847,37.8302372132642],[-122.377828652655,37.830245459278],[-122.377818928392,37.8302571421936],[-122.377812612337,37.8302687811173],[-122.377805375509,37.8302795175331],[-122.377795138308,37.83029670062],[-122.377790691647,37.8303025136933],[-122.3777842651,37.8303156000243],[-122.37777629345,37.8303291234153],[-122.37777046518,37.8303417719698],[-122.377768105306,37.8303522103781],[-122.377748498677,37.8303782411169],[-122.377742105367,37.83038672906],[-122.37773152501,37.8304125809885],[-122.377713492228,37.8304312135852],[-122.377700665185,37.8304466185905],[-122.377696279609,37.8304561232615],[-122.377689925825,37.8304661834819],[-122.377659092052,37.830501267594],[-122.377621334962,37.8305238826756],[-122.377545715679,37.8305649224252],[-122.3775100328,37.8305911730384],[-122.377447834348,37.8306141776156],[-122.377402148727,37.830636918956],[-122.377370918797,37.8306562851331],[-122.377316620129,37.8306781161548],[-122.377278722004,37.8307005459992],[-122.377213171938,37.8307320143221],[-122.377148798664,37.8307578363302],[-122.377106257148,37.8307742381324],[-122.377087379052,37.8307855456322],[-122.377060545476,37.8307959307643],[-122.376996378815,37.8308194908256],[-122.376982124348,37.8308307245292],[-122.376929213578,37.8308551530217],[-122.376892789588,37.8308782710385],[-122.376850506786,37.8308986971621],[-122.37681305692,37.8309167882791],[-122.376631970932,37.8309914437115],[-122.376598559892,37.8310029824783],[-122.376553469854,37.831023093545],[-122.376480686553,37.831045741104],[-122.376454660563,37.8310618796141],[-122.37638253932,37.8310845172281],[-122.376357240067,37.8311032645956],[-122.376222033735,37.8311662172034],[-122.376206986056,37.831172221066],[-122.376193258002,37.8311776998917],[-122.376176890697,37.8311842316278],[-122.376131799762,37.831204342645],[-122.37609889088,37.8312095830736],[-122.376043754982,37.8312357483164],[-122.376007466638,37.831252969494],[-122.375971993964,37.8312613956093],[-122.375942597495,37.8312749663639],[-122.375887638566,37.8312968064262],[-122.37586085799,37.8313092880806],[-122.375811091324,37.8313273755493],[-122.375780361755,37.8313404439608],[-122.375716747558,37.8313598014392],[-122.375701619928,37.8313626628804],[-122.37568478011,37.8313719687715],[-122.375655947783,37.8313859268964],[-122.375623329056,37.8314026939548],[-122.375590536955,37.8314126497487],[-122.37549895461,37.8314497484078],[-122.375482917886,37.8314589712758],[-122.375455937885,37.8314734948604],[-122.375403620901,37.831495293003],[-122.375362373856,37.8315106247071],[-122.375265228245,37.8315368040333],[-122.375197634511,37.8315793487887],[-122.375162328026,37.8316015711838],[-122.375119333758,37.8316214146041],[-122.375074824032,37.8316383710467],[-122.375041594451,37.8316601762356],[-122.374996004052,37.8316836522995],[-122.374970571848,37.8316971605402],[-122.374871193923,37.8317396236102],[-122.374837319352,37.8317590306491],[-122.374788476154,37.8317875874309],[-122.374740267166,37.8318150849145],[-122.37459672357,37.8319143343127],[-122.374472176647,37.8319807840679],[-122.374408431296,37.8320211078307],[-122.374373315254,37.8320436798764],[-122.374332064616,37.8320585048835],[-122.37427305159,37.8320772463275],[-122.37419330365,37.8320858511426],[-122.374155121658,37.8320916988404],[-122.374115671244,37.8320996643945],[-122.374019757222,37.8321217269955],[-122.373983757237,37.8321246834801],[-122.373900033355,37.8321427040559],[-122.373744298722,37.8322056763522],[-122.373684171785,37.8322323144773],[-122.373611560062,37.8322617714291],[-122.373575728961,37.8322822581866],[-122.37348864987,37.8323145665897],[-122.373444045821,37.8323278547707],[-122.373414901779,37.8323513795775],[-122.373380551101,37.8323781318789],[-122.373355462053,37.8324052630421],[-122.373325194218,37.8324628755797],[-122.373300495937,37.832532609096],[-122.373280864155,37.8325880327421],[-122.373272562824,37.8326114723265],[-122.373241250248,37.8326717729769],[-122.373216940938,37.8327298152596],[-122.373187916371,37.8327842639139],[-122.373183014265,37.8327995421382],[-122.373167052999,37.8328308662484],[-122.373142085224,37.8328798630899],[-122.373135783542,37.8328920188196],[-122.373132097754,37.832903084058],[-122.373118806281,37.8329263582307],[-122.373088789076,37.8329677180437],[-122.373031992194,37.8330215591982],[-122.372977704306,37.833070118867],[-122.372911156212,37.8331304042432],[-122.372799671692,37.8331928393226],[-122.372693273433,37.8332356598237],[-122.372552557733,37.8332885621297],[-122.372521107715,37.8332932341101],[-122.372451852997,37.8332889686665],[-122.372438164469,37.8332826286786],[-122.372430327566,37.8332544229629],[-122.372427720655,37.8332261640247],[-122.3724310561,37.8332094207938],[-122.372439078954,37.8331997554234],[-122.372455788516,37.8331768382101],[-122.372468350557,37.8331682931194],[-122.372556527389,37.8331352748908],[-122.372573413021,37.8331289519175],[-122.37265004201,37.833101029939],[-122.372751076428,37.8330541226942],[-122.372789482101,37.8330272833705],[-122.372805048109,37.833018691436],[-122.372843197762,37.8329817234027],[-122.372908604996,37.8329228618551],[-122.37295121748,37.8328840349042],[-122.372982379139,37.8328382364584],[-122.372988795805,37.8328244247637],[-122.373003955774,37.8327997436342],[-122.37303453263,37.8327307056742],[-122.373045530704,37.832719800046],[-122.373056168553,37.8326945952749],[-122.373061021252,37.8326784237757],[-122.373071765103,37.8326573893986],[-122.373094858094,37.8325896624522],[-122.373110288456,37.8325459014947],[-122.373117215365,37.8325225434814],[-122.373125072929,37.8325063244083],[-122.373132209145,37.8324913079273],[-122.373137934109,37.8324798914265],[-122.373136867808,37.8324673901043],[-122.373143132659,37.8324476192801],[-122.373150960579,37.8324302068173],[-122.373161448409,37.8323990435927],[-122.373160170107,37.8323781992812],[-122.37314655524,37.8323450345425],[-122.373138020347,37.8323344396172],[-122.37311288279,37.8323211287336],[-122.37309256739,37.8322904535975],[-122.373091470547,37.8322767602864],[-122.373095000926,37.8322677631411],[-122.373090793217,37.8322499462218],[-122.373029729338,37.8322425702771],[-122.372991172747,37.8322336447869],[-122.372945929996,37.8322278056143],[-122.372915727738,37.8322223240286],[-122.3728808228,37.8322091677954],[-122.372860478653,37.8322071067017],[-122.372841635592,37.8322050207754],[-122.372746973822,37.8321767181558],[-122.372727245022,37.8321692818963],[-122.372698470187,37.8321607969963],[-122.372678740488,37.8321533607352],[-122.37265533129,37.8321489639683],[-122.372612943385,37.8321371181674],[-122.372578188465,37.8321299210052],[-122.372539678587,37.8321227827308],[-122.372525267814,37.8321176466635],[-122.372492061589,37.8321122118966],[-122.372471625815,37.8321065756313],[-122.372443106101,37.8321011266735],[-122.372408863221,37.8320914767669],[-122.372387751913,37.832088831042],[-122.372355928196,37.8320786064389],[-122.372290987187,37.8320665222347],[-122.372237345189,37.8320554511948],[-122.372132270148,37.8320314864035],[-122.372113277966,37.8320234420874],[-122.372075488537,37.8320151004897],[-122.372058072899,37.8320100119515],[-122.372035413794,37.832005602405],[-122.37200362062,37.8319965690421],[-122.371979458633,37.8319921836179],[-122.37196127763,37.8319865118685],[-122.371934892314,37.8319833531706]]]]},"properties":{"streetteam":"Central/Southern"}},{"type":"Feature","geometry":{"type":"Polygon","coordinates":[[[-122.440426178482,37.8081541821416],[-122.440446615155,37.808148485139],[-122.440470852599,37.8081438470532],[-122.440485873329,37.808141355191],[-122.440484189886,37.8081491132501],[-122.440641605267,37.8081124549763],[-122.440793126801,37.8081028076109],[-122.442321580612,37.8079381549302],[-122.442385826325,37.8079239822898],[-122.442432956436,37.8078874381713],[-122.44246578986,37.8078213251376],[-122.442423654381,37.8076467603831],[-122.442697438422,37.8076005225634],[-122.442725050837,37.8077944021151],[-122.442773709881,37.8078162526746],[-122.442814141256,37.8078108182472],[-122.442919004294,37.807798361008],[-122.443011663718,37.8077789505072],[-122.443090774752,37.8077540580177],[-122.44313711794,37.8077494624912],[-122.443220734923,37.8077290086685],[-122.443271274141,37.8077079075626],[-122.443305696684,37.8077025717803],[-122.443443323975,37.8076788439394],[-122.443687115964,37.8075997148847],[-122.443668457955,37.8074962978639],[-122.443669679664,37.8074855474876],[-122.443683104088,37.8074817496881],[-122.443883504753,37.8074450648228],[-122.443905973415,37.8074423096246],[-122.444188611251,37.807389960839],[-122.444340977201,37.8073552589351],[-122.444478895547,37.8073121338441],[-122.444497051397,37.807306457359],[-122.445268348493,37.8070764819814],[-122.445289878416,37.8070696138241],[-122.44575742547,37.806931306586],[-122.445770194123,37.8069024825499],[-122.446395079303,37.8067216812346],[-122.446483367526,37.8066928933137],[-122.446599357097,37.8066610825805],[-122.446747089537,37.8066216839536],[-122.447038235317,37.8065501125548],[-122.447029288097,37.8064381898826],[-122.447006513109,37.8063145732396],[-122.447000285988,37.80630633023],[-122.446837188763,37.805473263404],[-122.446822168932,37.8054735118185],[-122.446801089065,37.8054062815965],[-122.442527946091,37.8059556380809],[-122.4424369216,37.8060617337269],[-122.442535104765,37.8065119736674],[-122.442598590503,37.8065836544039],[-122.443509266606,37.8064708878944],[-122.443554390779,37.806472527408],[-122.443685003126,37.8064679907106],[-122.443861681081,37.806443618733],[-122.443875323796,37.8064481625293],[-122.444020677497,37.8064326531503],[-122.44403187859,37.806458696584],[-122.443870158483,37.8064804382378],[-122.443873817321,37.8065054156165],[-122.443674952775,37.8065432670604],[-122.443642095995,37.8065509628298],[-122.443592778486,37.8065613130457],[-122.443568682975,37.8065593250492],[-122.442933476153,37.8066329802492],[-122.442911132357,37.8066405028317],[-122.442896187984,37.8066482142054],[-122.442880089275,37.8066600896482],[-122.442627087759,37.8066964470018],[-122.442553149224,37.8067224498871],[-122.442529134562,37.8067461404189],[-122.44251838083,37.806758021524],[-122.442278358172,37.8067846773513],[-122.44227708526,37.8067796715328],[-122.442265176294,37.8067845928918],[-122.442248217898,37.8067854758123],[-122.442158742102,37.8067899656471],[-122.442144692451,37.8067954249906],[-122.442131132382,37.806800273245],[-122.442118439187,37.8068043038752],[-122.44211215098,37.8068061158489],[-122.442104473978,37.8068081521013],[-122.442093651075,37.8068110443035],[-122.442081055797,37.8068139670246],[-122.442064285149,37.8068171601576],[-122.442042325831,37.8068206378973],[-122.442020589296,37.8068229062351],[-122.442010851559,37.8068236699184],[-122.441995668234,37.8068245223194],[-122.441978443038,37.806824907],[-122.441966401122,37.8068248033775],[-122.44193886686,37.8068234470591],[-122.441918612545,37.8068291093865],[-122.441901609234,37.8068331094963],[-122.441890771958,37.8068353991261],[-122.441875010118,37.8068383736574],[-122.441851023303,37.8068418854637],[-122.441834218519,37.80684377054],[-122.441814487024,37.8068452013809],[-122.441799804061,37.8068458451174],[-122.441786754235,37.8068459593859],[-122.44178117929,37.806845950869],[-122.441764194843,37.8068458295031],[-122.441744780453,37.8068448408317],[-122.441712561477,37.8068533137377],[-122.441702358412,37.8068556942139],[-122.441690889621,37.8068580952725],[-122.44167374168,37.8068613934455],[-122.441649766544,37.8068653069649],[-122.441619956849,37.8068690153686],[-122.441589987255,37.8068714199755],[-122.441571888897,37.8068723206384],[-122.44146275976,37.8068860818302],[-122.441445438444,37.8068875722887],[-122.441385043809,37.8068895737615],[-122.441318980805,37.8068880463965],[-122.44128838778,37.8069054407545],[-122.441255444762,37.8069007550379],[-122.441206714751,37.8069223695178],[-122.441121604767,37.8069289985059],[-122.441056024158,37.8069313846576],[-122.441010590965,37.8069385672434],[-122.440932634266,37.8069425645082],[-122.440913233351,37.8069518323135],[-122.440792843831,37.8069565286729],[-122.440688447019,37.8069622676422],[-122.440560242157,37.8069734261959],[-122.440480562489,37.8069939412656],[-122.440384558636,37.807000749102],[-122.44014648712,37.807021757434],[-122.439906980095,37.8070556589073],[-122.439684789895,37.8070927946511],[-122.439551449364,37.8071208258334],[-122.439421921283,37.80713472041],[-122.439253780018,37.8071452266869],[-122.439116584816,37.8071566322023],[-122.438802631709,37.8072029157231],[-122.438779653703,37.8072062089125],[-122.43797455929,37.8073024892131],[-122.437688061394,37.8073519373629],[-122.436258235414,37.8075815854042],[-122.435867804235,37.8075477665017],[-122.435852048683,37.807686332348],[-122.433944254294,37.807953198409],[-122.433805392717,37.8079350534012],[-122.433759551688,37.8078483141555],[-122.435732879076,37.8075730323817],[-122.43557833022,37.8068456151609],[-122.434256724282,37.8070440234204],[-122.434158518658,37.806991848239],[-122.433852256927,37.8056445343597],[-122.433677013581,37.805608989157],[-122.433386808337,37.8056214304412],[-122.432701914798,37.8057248614437],[-122.432579670258,37.8058651717321],[-122.432381101258,37.8059517145768],[-122.432051581245,37.8055765625996],[-122.431623086651,37.8034232020632],[-122.4253552283,37.8042168225473],[-122.425314046833,37.8040136817549],[-122.423342015713,37.8042817400112],[-122.422535364521,37.8043840443617],[-122.421937135051,37.8044609418106],[-122.421897394481,37.8044664368145],[-122.421739445501,37.803615725558],[-122.421373355972,37.8018369185713],[-122.42101259435,37.7999149557438],[-122.420621237907,37.798029256258],[-122.420233296858,37.7961005793029],[-122.419858915879,37.7943469384033],[-122.419484645392,37.7925968705841],[-122.419122429398,37.7907893789534],[-122.418771806163,37.7889065843551],[-122.418478257389,37.7874878334682],[-122.418184136389,37.7860008426473],[-122.417962597467,37.7860282407558],[-122.416556694521,37.7862097586479],[-122.416552950343,37.7862102357282],[-122.416324142254,37.786238948569],[-122.414919581391,37.7864160323756],[-122.414807237183,37.7864360583277],[-122.414802107803,37.7864369734386],[-122.414694815721,37.7864506007095],[-122.414688275087,37.7864514384369],[-122.413275769524,37.7866290137206],[-122.41303906704,37.7866588104717],[-122.412476225802,37.7867305289328],[-122.412374337984,37.786743511528],[-122.41235412589,37.7867459331186],[-122.412287155588,37.7867539539714],[-122.411863025908,37.7868078863389],[-122.411625964996,37.7868380294661],[-122.411600695387,37.7868409842146],[-122.411390623459,37.7868655436935],[-122.410419691063,37.7869902166095],[-122.409987492715,37.7870457106567],[-122.409936912174,37.7870512168953],[-122.40986793773,37.7870587265633],[-122.40975142534,37.7870726682197],[-122.408546826764,37.7872268469465],[-122.408336346103,37.7872537859852],[-122.408335791843,37.7872538718869],[-122.408322525523,37.7872559306861],[-122.407955641883,37.7854775454857],[-122.407778362056,37.7846054872519],[-122.407755188217,37.7844914902018],[-122.407752810376,37.7844797929439],[-122.407700368527,37.7845347095514],[-122.407696396177,37.7845388691888],[-122.407514630164,37.7846823030565],[-122.406363419364,37.7855925910262],[-122.406222861768,37.7857008805445],[-122.406148241412,37.785758369086],[-122.405998855174,37.7858734603357],[-122.404966876864,37.7866891318538],[-122.404752851451,37.7868580056084],[-122.404626437829,37.7869577499316],[-122.403838626105,37.7875802838549],[-122.403596742138,37.7877714188501],[-122.403556911737,37.7873670006916],[-122.402200556269,37.7862779342335],[-122.402184545596,37.786265077216],[-122.40869047187,37.781113194645],[-122.408715448628,37.7811331077256],[-122.408919639285,37.7809747493485],[-122.409158670203,37.7807862990083],[-122.409238780163,37.7807231408512],[-122.410945704069,37.7793773664031],[-122.410945859477,37.7793734216071],[-122.411341637429,37.7790604855845],[-122.412369340656,37.7782492171834],[-122.412469925019,37.7781698130674],[-122.413170021646,37.7776171407615],[-122.413372415672,37.7774573633225],[-122.41404956753,37.7769227879079],[-122.414184751404,37.7768155157835],[-122.414249305239,37.7767642898651],[-122.414724735009,37.7763870150586],[-122.415018246054,37.7761540990137],[-122.415924311104,37.7754350747137],[-122.416120062987,37.775279730345],[-122.417124386662,37.7744846607972],[-122.41722377357,37.7744128921105],[-122.417329336395,37.7743366634997],[-122.418468627449,37.7734336648822],[-122.418516731335,37.7734351680867],[-122.418806409268,37.7743435581322],[-122.418987002979,37.7749663871761],[-122.419140551112,37.7754959368472],[-122.419213797046,37.7754376926471],[-122.419235613531,37.7754203455529],[-122.419326973093,37.7753476966086],[-122.419644801532,37.7750984469075],[-122.420480524902,37.7744378519292],[-122.420869646337,37.7741306691959],[-122.420965878362,37.7740548294056],[-122.421278095924,37.7738076664725],[-122.421427816336,37.7736897609245],[-122.421930517162,37.773291855117],[-122.422055223086,37.7731950029113],[-122.422323672931,37.7729810185835],[-122.422567429885,37.7727881354918],[-122.423373081253,37.7721525259061],[-122.423774234723,37.7718341456755],[-122.423827686279,37.772092765189],[-122.425470683374,37.7718767653088],[-122.42542889195,37.7716841363855],[-122.425285044724,37.7709507809468],[-122.426697234978,37.7707730281093],[-122.426850998707,37.7715126759276],[-122.426853626279,37.7715123386386],[-122.42688867405,37.7716972210348],[-122.427116211023,37.7716682497564],[-122.432052471475,37.7710396362577],[-122.436795983112,37.7704481708688],[-122.436997533621,37.770422900103],[-122.438268902175,37.7767740378876],[-122.438329698357,37.7769343862475],[-122.439569528857,37.7831432263417],[-122.439584647503,37.7832189339836],[-122.440004085283,37.7851373334308],[-122.440616253013,37.7881555509031],[-122.441281934283,37.7914947887025],[-122.44165134668,37.7933119578077],[-122.443063831582,37.7931329759954],[-122.443182692169,37.7931174332958],[-122.443301765656,37.7931022384315],[-122.444716469397,37.7929224056794],[-122.44495122074,37.7928929273489],[-122.446295111185,37.7927224105301],[-122.446564503362,37.7927021988738],[-122.446572203721,37.7927016224525],[-122.446727382296,37.7937492323491],[-122.447161715939,37.796561710728],[-122.447443414138,37.7984229147611],[-122.447596236432,37.7993801438511],[-122.447900648533,37.8013578998772],[-122.448099232804,37.801378488906],[-122.448274331521,37.8014089795668],[-122.44840725164,37.8014353967044],[-122.448582975585,37.8014897208088],[-122.448740551764,37.8015395760134],[-122.448868216739,37.8015946935897],[-122.448978231615,37.8016644087155],[-122.449112528851,37.8017432623425],[-122.44924732645,37.8018411829935],[-122.449357842586,37.8019299663915],[-122.449468861779,37.8020378167402],[-122.449593147291,37.8021931389374],[-122.449699533872,37.8023535237096],[-122.449782393576,37.8025333739617],[-122.449841094886,37.8027088557758],[-122.449870133826,37.8028991339678],[-122.449868257245,37.8030565403941],[-122.449854991824,37.8032379809646],[-122.449817067647,37.8033959828803],[-122.449766753008,37.8035398833732],[-122.449681266631,37.8037177483416],[-122.449570997531,37.8038674087105],[-122.449466235105,37.8039979028618],[-122.449331432117,37.8041288929109],[-122.449132964626,37.8042860923034],[-122.449029030446,37.8043479058973],[-122.448882178355,37.8044267893086],[-122.448735514012,37.8044868858627],[-122.448543389525,37.8045615836444],[-122.448411634521,37.8045973096313],[-122.448334034453,37.8049971563089],[-122.448511881117,37.806089991001],[-122.448741876779,37.8067067709369],[-122.448576527478,37.8067619620191],[-122.448362863187,37.8068084125769],[-122.448327033882,37.8068173496589],[-122.448249584732,37.8068436662078],[-122.448179833245,37.8068770091958],[-122.447855359069,37.8070528589809],[-122.447194918571,37.807482240116],[-122.446651184499,37.8075298229593],[-122.446489675496,37.8075213032884],[-122.445269381556,37.8076320482881],[-122.444845272537,37.8076187741137],[-122.444804498905,37.8076111004573],[-122.443708996229,37.8077245394731],[-122.44272681962,37.8079767849251],[-122.442646487776,37.8080079144591],[-122.442538838164,37.8080287635248],[-122.44157075163,37.8081305452912],[-122.440959530724,37.8082026020328],[-122.440677729219,37.8082871194115],[-122.440593231887,37.808331429889],[-122.440534085012,37.8083681703825],[-122.440461945803,37.8084253928822],[-122.440394626954,37.8084944578381],[-122.440238515029,37.8086734776617],[-122.440045947673,37.8088375957005],[-122.439940903175,37.8087856737384],[-122.440287042021,37.8082303588384],[-122.440322375456,37.8082023571761],[-122.440362245383,37.8081754711984],[-122.440403961348,37.808161670502],[-122.440426178482,37.8081541821416]]]},"properties":{"streetteam":"Tenderloin/Northern"}},{"type":"Feature","geometry":{"type":"Polygon","coordinates":[[[-122.409552387419,37.7693226633127],[-122.40863729969,37.7693100973287],[-122.408349336641,37.7693922576362],[-122.408349252199,37.7693922775191],[-122.408349086909,37.7693922959818],[-122.408029988252,37.7694098021329],[-122.407685145676,37.7693645224535],[-122.40717214836,37.7693956235213],[-122.406950292332,37.7694098362178],[-122.406838123296,37.7694170217414],[-122.406748746315,37.7694222267896],[-122.406695233674,37.7694253427174],[-122.406662894324,37.7694292994058],[-122.406622332694,37.7694359637127],[-122.406575720012,37.7694455884337],[-122.406537395187,37.7694550789441],[-122.406494465598,37.7694677897642],[-122.40645908545,37.7694810999079],[-122.406457596044,37.7694816601779],[-122.406403900146,37.7696632222544],[-122.406380660729,37.769741804691],[-122.406140386544,37.7697571350165],[-122.405965833104,37.7697682722059],[-122.405145540096,37.7698195477079],[-122.40513506574,37.7697118001621],[-122.405133431704,37.7696949679669],[-122.40512426799,37.7696005367525],[-122.405109584128,37.7694538412367],[-122.4050936561,37.7692879271953],[-122.405028095254,37.768618864082],[-122.405025786584,37.7685844777182],[-122.405021506111,37.7685207183246],[-122.4050159132,37.7684373981468],[-122.404908056077,37.7673431856052],[-122.404900743791,37.7672633515137],[-122.404891330345,37.7671605980946],[-122.404792553393,37.7661568384236],[-122.404783699598,37.7660668729867],[-122.404783486697,37.7660647113379],[-122.404777181422,37.7660102710021],[-122.404633219211,37.7647674323001],[-122.404495211932,37.7634759502614],[-122.404494908302,37.7634731096248],[-122.404493026331,37.7634529240573],[-122.40514705735,37.7634156271875],[-122.406421369683,37.763346290709],[-122.406302865727,37.7620641680779],[-122.406203997147,37.7613602578691],[-122.406253672186,37.7611911547113],[-122.406403696228,37.7606804389969],[-122.406391789957,37.7602771843451],[-122.406273756719,37.759847207871],[-122.406220422842,37.7596599259255],[-122.406163662791,37.7594606127578],[-122.406157316194,37.7594383253299],[-122.405842874403,37.7590011631265],[-122.405547936834,37.7586770410826],[-122.405476253969,37.7585982636558],[-122.405360307517,37.7585125403229],[-122.404153436204,37.7576202339435],[-122.404057635371,37.7575494012891],[-122.403738152235,37.7572320505056],[-122.403692840314,37.7571870410663],[-122.403692050695,37.7571862576942],[-122.403466430726,37.7568539999099],[-122.40346631664,37.7568537555933],[-122.403440141529,37.7567976280896],[-122.403295608888,37.7564877094402],[-122.403189283393,37.756112701927],[-122.403095958317,37.7550822883117],[-122.40304217618,37.7544884708151],[-122.403034478517,37.7543981786773],[-122.402897702828,37.7527938469744],[-122.402988332061,37.7518767449773],[-122.403114095302,37.751276210241],[-122.403188429994,37.7510127171601],[-122.403261552858,37.7507825751038],[-122.403701915095,37.7493965985882],[-122.403704672923,37.7493881879927],[-122.404080028574,37.7482438906027],[-122.404080165118,37.7482439992794],[-122.404511397777,37.7485859160613],[-122.404936652148,37.7487745699283],[-122.405201375781,37.7488458044896],[-122.405353250352,37.7488866715663],[-122.405578597233,37.7489165886529],[-122.405600937436,37.7489195548611],[-122.405831162168,37.748873327884],[-122.40618513073,37.7488012694011],[-122.406212753026,37.7487949974515],[-122.406224261343,37.7487923849678],[-122.406318284411,37.7487710368945],[-122.406429868644,37.7487443132606],[-122.406642813384,37.7486713760094],[-122.406707248641,37.7486503283588],[-122.406769880979,37.7486279055582],[-122.40694426823,37.7485682266956],[-122.407469081087,37.7483886791107],[-122.407490213954,37.748381448926],[-122.40775968698,37.7482638942202],[-122.407773461746,37.7482578850381],[-122.40803416452,37.7482375191631],[-122.408261656577,37.7482297874879],[-122.408270874191,37.7482294742431],[-122.408415421205,37.74822642135],[-122.408555813511,37.7482234565345],[-122.408582955209,37.7482230956993],[-122.408705243766,37.7482214690995],[-122.408773583102,37.7482193104807],[-122.408847370719,37.7482169785473],[-122.409540500013,37.7482022397037],[-122.4096465632,37.7482015741472],[-122.409748579477,37.7481981660999],[-122.410544776974,37.7481814582845],[-122.411270865456,37.7481696842516],[-122.411485544842,37.7481662016207],[-122.411574154662,37.7481634058557],[-122.411626610885,37.748161750132],[-122.412591008038,37.7481422408601],[-122.412704769787,37.7481399927404],[-122.413357007769,37.7481270978372],[-122.413508007381,37.7481233516806],[-122.413532419997,37.7481227464994],[-122.413543638159,37.7481226129618],[-122.41366831893,37.7481211390757],[-122.413793194636,37.74811744193],[-122.413818241463,37.7481167010802],[-122.414644253146,37.7480998035944],[-122.414817975644,37.7480962492193],[-122.414919611934,37.7480952988288],[-122.415005594181,37.7480923347184],[-122.415015884383,37.7480919795649],[-122.41586371884,37.7480742190505],[-122.418091760832,37.7480286805435],[-122.418164534251,37.7480271952906],[-122.418329344563,37.748025197906],[-122.418553599092,37.7480188058487],[-122.419174311597,37.7480062042815],[-122.420103398671,37.7479874201928],[-122.420278527931,37.7479835191821],[-122.420435726818,37.7479800827124],[-122.420439190721,37.7479800109713],[-122.420665921906,37.7479753250699],[-122.421256418678,37.7479631191368],[-122.421389686445,37.7479592230969],[-122.421494318616,37.747950330749],[-122.422253601644,37.7479057347454],[-122.422487116007,37.7478902741661],[-122.422629401063,37.7478802794106],[-122.422639616705,37.7478795619986],[-122.423179672175,37.7478478296529],[-122.424565056701,37.7477664168103],[-122.424769804314,37.7477531148344],[-122.424911480313,37.7477415936037],[-122.424978545837,37.7477361398418],[-122.426584744345,37.7476419299116],[-122.426905114118,37.7476231364964],[-122.427050278274,37.7476114980442],[-122.427173909814,37.7476009207955],[-122.427188938628,37.7475996351316],[-122.428157955817,37.7475441434401],[-122.429132450932,37.7474883306457],[-122.429274083811,37.7474806677926],[-122.429341316422,37.747475951316],[-122.4294168315,37.747470653093],[-122.431110602273,37.7473728869943],[-122.431351289684,37.7473589172525],[-122.431482842567,37.7473463922868],[-122.431634060471,37.7473301509555],[-122.43192989905,37.747313020307],[-122.43356195736,37.7472162875088],[-122.433702430514,37.7472078141577],[-122.433846354097,37.7471992839804],[-122.435649832523,37.7470929418734],[-122.435779421689,37.7470852995786],[-122.435797530827,37.7470842071117],[-122.435919893047,37.7470768233712],[-122.436300811965,37.7470541152567],[-122.436398603465,37.7470486571822],[-122.436579203465,37.7470385749441],[-122.437724038022,37.7469702552073],[-122.437989780345,37.7469543945237],[-122.437989975279,37.7469543831586],[-122.437969269112,37.7467418273663],[-122.437929201555,37.7463305233554],[-122.437924092836,37.7462736427387],[-122.437914475473,37.7461665612736],[-122.43785357329,37.7455303435875],[-122.437835512661,37.7453794995823],[-122.437832606611,37.7453552303453],[-122.438039311653,37.745338123391],[-122.43885835241,37.745288299888],[-122.439711523758,37.7452369647602],[-122.439845571263,37.7452288982041],[-122.440101533626,37.7453008976561],[-122.440214394365,37.7453848554921],[-122.440304205233,37.7454208153723],[-122.440320716267,37.7454778621519],[-122.440328419321,37.7455096132721],[-122.440332405146,37.7455260425306],[-122.44033479736,37.745539506152],[-122.440342677381,37.7455838542554],[-122.440349406661,37.7456325119072],[-122.440350906848,37.7456433551007],[-122.440351922842,37.7456566027605],[-122.440354874706,37.7456950380082],[-122.440356597675,37.7457174773248],[-122.44035649886,37.7457328573804],[-122.44035603533,37.7458054764591],[-122.440355994905,37.7458120278213],[-122.440355449628,37.7458187638683],[-122.440349762394,37.7458892113901],[-122.440349172201,37.7458965121407],[-122.440316673849,37.7462018601718],[-122.4403125407,37.7462374723063],[-122.44030815782,37.7462752210792],[-122.440294992111,37.7464016643757],[-122.440285198678,37.7464956983042],[-122.440285141186,37.7464962580381],[-122.440285142982,37.7464969449197],[-122.440285257068,37.7465429190861],[-122.440285273238,37.7465492672309],[-122.440286113163,37.7465556650977],[-122.440288918601,37.7465770386712],[-122.440294898686,37.7466154649171],[-122.440294943602,37.7466157021644],[-122.440304341776,37.7466523035765],[-122.440305618282,37.74665727369],[-122.440307959292,37.7466639485725],[-122.440314154074,37.7466816760403],[-122.440315989332,37.7466869217561],[-122.440317582944,37.7466906665648],[-122.440326213059,37.7467109398135],[-122.440330986706,37.7467217629601],[-122.440334639256,37.7467300168779],[-122.440340248337,37.7467402284363],[-122.440353828169,37.7467649468516],[-122.440362237298,37.7467802542369],[-122.440369187564,37.7467897639929],[-122.440405463331,37.7468394046435],[-122.440411999473,37.7468483489781],[-122.440433254511,37.7468714954222],[-122.44044077341,37.7468796811328],[-122.440448931011,37.746887827775],[-122.440451572058,37.7468904651872],[-122.440468191789,37.7469070617741],[-122.440474842916,37.7469125930219],[-122.4405099904,37.7469418240292],[-122.440536364038,37.7469624438441],[-122.440542362089,37.7469671333613],[-122.440550704743,37.7469725772355],[-122.440563161681,37.7469807068198],[-122.440585723768,37.7469953741646],[-122.440600938534,37.7470052653333],[-122.440624658549,37.7470187890627],[-122.440669455735,37.7470405815894],[-122.440688679683,37.7470487779361],[-122.440722620729,37.7470632293311],[-122.440738903592,37.7470686078491],[-122.440778100681,37.7470815533692],[-122.440793328922,37.7470865831205],[-122.440806622191,37.7470896531083],[-122.440863065137,37.7471026945174],[-122.440864272473,37.7471029736718],[-122.440867081505,37.7471034623694],[-122.440897385273,37.7471087236822],[-122.440913943918,37.7471111664599],[-122.44092969408,37.747113489194],[-122.440944335721,37.7471148075409],[-122.440963933367,37.7471165733871],[-122.440999615349,37.7471188194068],[-122.441005726587,37.747119197295],[-122.441015436477,37.7471193343861],[-122.44103479068,37.7471196064372],[-122.441038284228,37.747119655449],[-122.441040271302,37.7471196085681],[-122.441079306694,37.7471186837365],[-122.441084154003,37.7471185693756],[-122.441090038867,37.7471181424755],[-122.441119260165,37.7471159951896],[-122.441130795431,37.7471151506237],[-122.441147130396,37.747113073659],[-122.44115906721,37.7471115564235],[-122.441175709399,37.7471094403914],[-122.441188129506,37.7471071901094],[-122.441211570145,37.7471029409972],[-122.441213916544,37.7471025155177],[-122.441214675621,37.7471023443315],[-122.441258620306,37.7470924283147],[-122.441266181426,37.7470907214243],[-122.4412960019,37.7470822786024],[-122.441388690969,37.7470525909169],[-122.44175903492,37.7469341710639],[-122.442192269924,37.7467954969801],[-122.442402062475,37.7467284264716],[-122.44275750068,37.7466145564166],[-122.442911032644,37.7465653957925],[-122.44308149246,37.7465108132481],[-122.443168400871,37.7464835375878],[-122.443221474236,37.7464707347379],[-122.443261747507,37.7464631129781],[-122.443523651328,37.7464579560367],[-122.443571002425,37.7464570233833],[-122.443572436136,37.7464569956807],[-122.443615584914,37.7464635725568],[-122.443675146811,37.7464755109456],[-122.443704540585,37.746482647554],[-122.44371632199,37.7464864278891],[-122.443744998909,37.7464955903353],[-122.443758521249,37.7464999105146],[-122.443779435826,37.7465065918042],[-122.443816494026,37.7465195651251],[-122.443836303675,37.7465271897204],[-122.443852351179,37.7465345451029],[-122.443866296625,37.7465412732706],[-122.443881118827,37.7465496429911],[-122.443907002884,37.7465661125069],[-122.443921177401,37.7465771082828],[-122.443929595513,37.7465822495887],[-122.443941835059,37.7465897242998],[-122.443951948293,37.7465935337526],[-122.443960767054,37.7465957073355],[-122.443968317394,37.746597238788],[-122.443976694184,37.746598426445],[-122.444238153339,37.746594507603],[-122.444415466403,37.746591849581],[-122.444776252279,37.7465864511393],[-122.444777247612,37.7465958600546],[-122.444796211048,37.7467750319683],[-122.444860566355,37.7469506610934],[-122.444881538423,37.7471077668862],[-122.444760618898,37.747147601413],[-122.444746164107,37.7471516232216],[-122.444735152558,37.7471546882345],[-122.444711427153,37.7471612899096],[-122.444664987846,37.747176840141],[-122.444607386073,37.7472018737904],[-122.444593936497,37.7472087624286],[-122.444544311764,37.7472370478896],[-122.444543238277,37.7472376601812],[-122.444540497517,37.7472392221639],[-122.444481224878,37.7472807365141],[-122.444433676152,37.747322772922],[-122.444392237766,37.7473687622023],[-122.444382747065,37.7473818220304],[-122.444380012594,37.7473855831411],[-122.444358034412,37.7474158247374],[-122.444340003427,37.7474476077006],[-122.444318564235,37.747491110099],[-122.444299117506,37.7475512820764],[-122.444290717359,37.7475859964379],[-122.444289941215,37.7475935754633],[-122.44428988013,37.7475941770973],[-122.444286173681,37.7476304228698],[-122.444284427356,37.7476554890401],[-122.444286650686,37.7476945575572],[-122.444300877305,37.7477906568443],[-122.444308896566,37.7478270452928],[-122.444322345244,37.747888067947],[-122.444378735189,37.7481379868352],[-122.444385089872,37.7481814888277],[-122.444385155449,37.7481819370308],[-122.444385685455,37.7481855624324],[-122.444389109832,37.7482246107811],[-122.444390645952,37.7482603533487],[-122.444388866389,37.7483071184095],[-122.444380300953,37.7483814183829],[-122.444367778438,37.748435937041],[-122.444367306822,37.7484379919492],[-122.444366281844,37.7484424540758],[-122.444351951919,37.7484915729656],[-122.444327153027,37.7485522285558],[-122.44430230383,37.7486025555965],[-122.444282770862,37.7486365002082],[-122.444248685187,37.748688090107],[-122.444238562971,37.7487009337707],[-122.444210027986,37.7487371335419],[-122.444131740707,37.7488433155998],[-122.444129405985,37.7488464814051],[-122.443935125542,37.749111027757],[-122.443890551138,37.7491716018656],[-122.443773308417,37.7493309240359],[-122.443688678134,37.7495129205565],[-122.443682631574,37.7495259210519],[-122.443677212936,37.7495375769605],[-122.443609980325,37.7496910370176],[-122.44352627351,37.7501073206447],[-122.443177139682,37.751549380573],[-122.443147241953,37.7516728693583],[-122.443044718128,37.7520963198091],[-122.443001946642,37.7523637822586],[-122.442964612659,37.7524553155812],[-122.442964858797,37.7524563568297],[-122.442971702163,37.7524852432996],[-122.442979496845,37.7525306583191],[-122.442982531354,37.7525778219802],[-122.442975076235,37.7527405673833],[-122.442960643902,37.7527948619384],[-122.442946418181,37.7528390423338],[-122.442924243268,37.7528868592383],[-122.442898873946,37.7529273369913],[-122.442878002489,37.7529560570765],[-122.44285166119,37.75298567776],[-122.442821405033,37.753019702041],[-122.442798091955,37.7530584765198],[-122.44278582007,37.7530830017648],[-122.442780897302,37.7530980720374],[-122.442777629231,37.7531080753215],[-122.442740633014,37.7532213281145],[-122.442699442563,37.7533812459933],[-122.442664704711,37.7535161142652],[-122.442656194971,37.753558222418],[-122.442634625522,37.7536291590395],[-122.442621026826,37.7536603817852],[-122.442574456365,37.7537515214444],[-122.4425630801,37.7537643471833],[-122.442555229723,37.7537742530728],[-122.442522496012,37.7538244771266],[-122.442484310426,37.7538830657759],[-122.442471495958,37.7539027262382],[-122.442449428843,37.753930761263],[-122.442430802276,37.7539544253953],[-122.442090220409,37.7544018854526],[-122.4420261328,37.7544892613182],[-122.44199782958,37.7545324094262],[-122.44197228329,37.7545776591227],[-122.441962884218,37.7545960466425],[-122.441956167514,37.7546091847424],[-122.441940568269,37.7546397010921],[-122.441924389611,37.7546779342265],[-122.441908428345,37.7547032544074],[-122.441899053527,37.7547317181157],[-122.44185634672,37.7548620071275],[-122.441812060675,37.7549971085001],[-122.441785033961,37.7550605798308],[-122.441784599176,37.7550615990251],[-122.441779237132,37.7550741922884],[-122.441762398212,37.7551078526766],[-122.441724535122,37.7551759575107],[-122.441672516378,37.7552655178645],[-122.441672261257,37.7552658381818],[-122.441660012728,37.7552812226451],[-122.441655139368,37.755290126186],[-122.441653843099,37.7552946390365],[-122.441652662712,37.7552987513127],[-122.441649965071,37.7553104794664],[-122.441650164497,37.7553181067071],[-122.441637516218,37.7553512201016],[-122.44162190799,37.7553860529648],[-122.441606181185,37.7554163573435],[-122.44158433236,37.7554536767129],[-122.441523058275,37.7555338509701],[-122.441482977243,37.7555745708856],[-122.441462474095,37.7555944617248],[-122.441347973931,37.7558631615377],[-122.441338246973,37.7558859862679],[-122.441290453905,37.756096991641],[-122.441289240281,37.7561023517466],[-122.441289469351,37.756102878027],[-122.441334622271,37.7562065836003],[-122.441368878626,37.7562842421236],[-122.441372551837,37.7562907847455],[-122.441398816779,37.7563075205595],[-122.441434332572,37.7563219573623],[-122.441464871699,37.7563298011182],[-122.441469906756,37.7563270944401],[-122.4414781479,37.7563294680213],[-122.442247008766,37.7565508321918],[-122.442276548067,37.7565727994678],[-122.442285907614,37.7565797596767],[-122.44229324685,37.7565849152024],[-122.442325375096,37.7566074840289],[-122.442391373422,37.7566390641813],[-122.44246238794,37.7566806528031],[-122.442502396208,37.756708372146],[-122.442537968594,37.7567368713043],[-122.442539627783,37.7567382001331],[-122.442540369791,37.7567388549595],[-122.442564836306,37.7567604379486],[-122.442596893586,37.7567918617866],[-122.442638384972,37.7568374083948],[-122.44266169805,37.7568697199783],[-122.442668343787,37.7568792589772],[-122.442718583865,37.7569513706725],[-122.442767970545,37.757005791398],[-122.442851516561,37.7571011080035],[-122.442888704119,37.7571435330047],[-122.443008466614,37.757291193978],[-122.443024014655,37.7573103627738],[-122.443051317152,37.7573437728581],[-122.443098034936,37.7573881266711],[-122.443208081254,37.7574926038686],[-122.443267842576,37.7575498004305],[-122.443444644499,37.7577459376975],[-122.443463328559,37.7577666660054],[-122.443693473341,37.7579376349073],[-122.443699890905,37.7579424032727],[-122.443700093026,37.7579425524173],[-122.443706836679,37.7579455665582],[-122.444008847583,37.7580805294904],[-122.44412140559,37.7581343769555],[-122.444289271072,37.7582146818271],[-122.444421654897,37.7582398481025],[-122.44457088932,37.7582682167025],[-122.444603659862,37.758276586517],[-122.44468520533,37.7584657085607],[-122.444685393976,37.7584661488892],[-122.44468635697,37.7584668512841],[-122.444877211239,37.7586063344362],[-122.444878423964,37.7586692224328],[-122.444883317088,37.7586751434142],[-122.444914120319,37.758712413556],[-122.444932083031,37.7587341493735],[-122.444935945787,37.7587398459251],[-122.444972455117,37.7587936936205],[-122.444986441886,37.7588143243369],[-122.444989022745,37.7588191338376],[-122.44499342449,37.7588273295898],[-122.445021925339,37.7588804187245],[-122.445036127704,37.7589110306102],[-122.445048594524,37.7589435969609],[-122.445052201259,37.7589530163784],[-122.445059985161,37.7589733494755],[-122.445074529784,37.7590241374513],[-122.445093633357,37.7591187178187],[-122.445097778184,37.759162091201],[-122.44509853726,37.7591767390864],[-122.445098609125,37.7591781388915],[-122.445099991633,37.7592048438429],[-122.445098696262,37.7592493932655],[-122.445093878597,37.7593057291281],[-122.44509150435,37.7593206220037],[-122.445090293421,37.7593282175822],[-122.445087769155,37.7593440578586],[-122.445079340262,37.7593878558074],[-122.445070623011,37.7594127084863],[-122.445048536133,37.7594756810211],[-122.445045332741,37.7594889943834],[-122.445039405657,37.7595136254468],[-122.445029258287,37.7595439842404],[-122.445012389723,37.7595809450089],[-122.445001427581,37.7596049659831],[-122.444996397016,37.7596159882292],[-122.444977777635,37.759646703499],[-122.444958815097,37.7596748194401],[-122.444931237717,37.7597082902435],[-122.444898504904,37.7597433660724],[-122.44486911113,37.7597701326068],[-122.444827581116,37.7598036161505],[-122.444805204082,37.7598181176089],[-122.444733690999,37.7598644620322],[-122.444639303215,37.7599256906579],[-122.444578735206,37.759964979248],[-122.444401443701,37.7600797655015],[-122.444248617814,37.7601780751517],[-122.444044126221,37.7603093822162],[-122.443799861718,37.7604666116263],[-122.443519459789,37.7606471014382],[-122.443057766157,37.7609154249668],[-122.442837643878,37.761043047716],[-122.442661806746,37.761118434262],[-122.44251644496,37.7611647047219],[-122.442397935615,37.7611770902836],[-122.442369336849,37.7611800801465],[-122.442261726763,37.7611795730771],[-122.441806212642,37.7611803450441],[-122.441028775561,37.7611821581366],[-122.441007367809,37.7611822085595],[-122.440953750065,37.761182825707],[-122.440919570965,37.7611832191473],[-122.440815844296,37.7611833270948],[-122.440553786863,37.7611835955434],[-122.440201430778,37.7612103757601],[-122.440188989111,37.7612113217211],[-122.44015458633,37.7612286863523],[-122.440089347081,37.7612616160053],[-122.439990529705,37.7613121140769],[-122.439946452069,37.7613352865343],[-122.439860442872,37.7613805029525],[-122.439716239913,37.7614491318054],[-122.439636355429,37.7614847564868],[-122.439539733536,37.7615250100907],[-122.43943971601,37.7615609749107],[-122.439338347419,37.7615976129611],[-122.43918882823,37.7616483195953],[-122.439130586857,37.7616670611562],[-122.43910969384,37.7616737041471],[-122.43898967263,37.7617084765091],[-122.438930114326,37.7617236856394],[-122.43889681288,37.7617321892862],[-122.438810566528,37.7617542125477],[-122.438718611382,37.7617741876567],[-122.438604050133,37.7617980097797],[-122.43849259885,37.7618170232998],[-122.438489921871,37.7618174806525],[-122.438387221976,37.7618345908987],[-122.438285081731,37.7618521272459],[-122.437432312829,37.7620001637344],[-122.437319699126,37.7620182575282],[-122.437213797636,37.7620350325264],[-122.436900120312,37.7620927518139],[-122.436613920656,37.7621445887023],[-122.436542682457,37.7621616150727],[-122.436532769548,37.7621645537634],[-122.43653100885,37.7621650757397],[-122.436482952575,37.7621793210733],[-122.436421394622,37.7622003151634],[-122.43637157765,37.7622205046235],[-122.436368329342,37.762221821281],[-122.436051786392,37.762517323637],[-122.436042393607,37.7625260963462],[-122.436042201368,37.7625262710476],[-122.435791668421,37.7626344281767],[-122.435552501859,37.7627378362661],[-122.435351470576,37.7628243266524],[-122.435345410541,37.7628260317595],[-122.435216210345,37.7628623865376],[-122.435098736757,37.7629026202174],[-122.435047539973,37.7629201556012],[-122.434964809627,37.7629858706435],[-122.433550582892,37.7641045527807],[-122.433548693735,37.7641061470744],[-122.433456443941,37.7641839727124],[-122.433265656148,37.7643422882289],[-122.433000325254,37.7645398426967],[-122.432997788412,37.7645417316929],[-122.431283480355,37.7658923743247],[-122.431279790974,37.7659006246837],[-122.431200510158,37.7660779645732],[-122.430953027891,37.7661705887357],[-122.430925126218,37.7661810312449],[-122.429599086196,37.7672268803082],[-122.429122054729,37.7676031949072],[-122.42883831466,37.7678295941584],[-122.427733754272,37.7687046587851],[-122.427582910068,37.7688239555725],[-122.427524657915,37.768870043685],[-122.426717125475,37.7695088868842],[-122.426696669039,37.7695386102955],[-122.426415745189,37.7697491669969],[-122.426413635046,37.7697492657007],[-122.425788584576,37.7697782221088],[-122.425630837717,37.7697875890194],[-122.424746107655,37.7698401164108],[-122.424494805751,37.7698557790418],[-122.424462944305,37.7698577644755],[-122.424375394497,37.7698629460595],[-122.423914369212,37.7698902287232],[-122.42385181862,37.7698943693019],[-122.423776231677,37.7698993726489],[-122.423237632376,37.7699316891781],[-122.423148965064,37.7699365483729],[-122.423101214217,37.7699391657908],[-122.422530722926,37.7699731964763],[-122.422390531843,37.7699819683011],[-122.422318336938,37.7699863907831],[-122.422246257916,37.7699908061639],[-122.422007004217,37.7700050705831],[-122.421666078295,37.7700253956713],[-122.42154575076,37.7700322211163],[-122.420544976329,37.770092305172],[-122.420320814326,37.7701179658932],[-122.420318037634,37.7701182833058],[-122.420317916361,37.7701182975078],[-122.420255985607,37.7701423455938],[-122.419714304186,37.7703526790272],[-122.41971375801,37.7703525994968],[-122.417974785808,37.7700997590454],[-122.417959379701,37.7700975186939],[-122.417713032904,37.7700566974183],[-122.417558956562,37.7700316828635],[-122.416520937081,37.7698919066837],[-122.415682330119,37.7697789748134],[-122.415384189158,37.7697357141717],[-122.415382997992,37.7697356793769],[-122.415356770779,37.7697349082092],[-122.414861932008,37.7697203596983],[-122.414674179622,37.7697163171035],[-122.414192558662,37.7697018452796],[-122.414036227548,37.7696974888198],[-122.41398561377,37.7696960863735],[-122.413458032305,37.7696813454179],[-122.413413640259,37.7696798726714],[-122.413313109796,37.7696765373336],[-122.413046019102,37.7696682731938],[-122.412974267965,37.7696674437973],[-122.412967696789,37.7696673671066],[-122.412383543919,37.7696507294686],[-122.411589472734,37.7696281085238],[-122.411588479197,37.7696280801198],[-122.411588046209,37.7696280339632],[-122.410949742894,37.7695599047995],[-122.410069949973,37.76944542369],[-122.409552387419,37.7693226633127]]]},"properties":{"streetteam":"Mission/Castro"}},{"type":"Feature","geometry":{"type":"Polygon","coordinates":[[[-122.380996022515,37.7648051666485],[-122.381040044455,37.7622285373697],[-122.383321602682,37.7620902740222],[-122.382157510041,37.760889160947],[-122.3821035707,37.7608915379328],[-122.382006210391,37.7607988056026],[-122.381994611344,37.7607160185967],[-122.382002198515,37.7606404668773],[-122.381717472096,37.7606525563791],[-122.381849785853,37.7621250959003],[-122.381346706836,37.7621444416967],[-122.381158873601,37.7601674073747],[-122.380954969506,37.76018197694],[-122.380622854261,37.7601985911414],[-122.380930394295,37.7633391053057],[-122.380716889905,37.7633500552692],[-122.38041410645,37.760209464159],[-122.379517478202,37.7602577095159],[-122.37981786046,37.7634926276372],[-122.379547272625,37.7635007135071],[-122.379210210358,37.7599420329129],[-122.381255775769,37.7596793391251],[-122.381277418879,37.7595960203496],[-122.38148568699,37.7595662957831],[-122.381460199989,37.7593102410234],[-122.381317552911,37.7593049748965],[-122.381200123341,37.7582319740101],[-122.381248823707,37.7580916521033],[-122.381372258515,37.7579011065474],[-122.381435013923,37.757753017112],[-122.381488558005,37.7576163881272],[-122.381490919676,37.7575220643577],[-122.381415135104,37.7575308163529],[-122.381387071735,37.7571729723262],[-122.381338441437,37.7571284905446],[-122.381374997479,37.75707133556],[-122.381328487205,37.7565478407213],[-122.381355737599,37.7564983763275],[-122.381416511323,37.7564596910093],[-122.38141517463,37.7564069112169],[-122.38135800315,37.756400280537],[-122.38130510316,37.7563747251415],[-122.381265588067,37.7563150113337],[-122.381249576495,37.7558702311891],[-122.381211016312,37.7558482182497],[-122.381035041738,37.7558397117959],[-122.38101518897,37.7558060858318],[-122.380953269894,37.7557995303829],[-122.380947567388,37.7557619064979],[-122.381037404307,37.7557453864714],[-122.380766821862,37.7555649024556],[-122.380740598242,37.755467261399],[-122.380733463822,37.7553730875904],[-122.380759664086,37.7552821544771],[-122.38079602699,37.7552174581752],[-122.380866488146,37.7551861622217],[-122.380941888239,37.7551623301568],[-122.381013016843,37.7551574238257],[-122.381352888143,37.7550727973774],[-122.381119002776,37.7544655476398],[-122.380992922429,37.753238053969],[-122.380981206601,37.7529629210303],[-122.380862407998,37.7529610459436],[-122.380714452776,37.7529332349937],[-122.380557094887,37.7529093460924],[-122.380343429699,37.7529127553432],[-122.379991927911,37.7529258078006],[-122.379919980043,37.7529067806311],[-122.379873080799,37.7528734814746],[-122.379856925497,37.752833772195],[-122.379893860628,37.752791696302],[-122.37998350351,37.7527676368921],[-122.380014514252,37.7527514322637],[-122.380036196888,37.7527296506521],[-122.380040321952,37.752704365309],[-122.380036381043,37.752674164228],[-122.38001959153,37.7524499779398],[-122.379972585386,37.7520358659993],[-122.377040834642,37.7522013563574],[-122.376099596057,37.7522544715549],[-122.375784779669,37.7487132283697],[-122.376743874965,37.7486519634728],[-122.385202552716,37.7481112984879],[-122.385489280582,37.7480392179538],[-122.386323734632,37.7478294411663],[-122.386214591122,37.7470730416456],[-122.385948148114,37.7469798686452],[-122.382777802135,37.7471571260384],[-122.38272022282,37.7471721080181],[-122.382647544622,37.7471630422586],[-122.382019262912,37.7470628130855],[-122.381621023577,37.7470918011052],[-122.379667137529,37.7472097277471],[-122.379623720154,37.7469954444861],[-122.379296791781,37.747027059995],[-122.378836163551,37.7470306336001],[-122.378357973258,37.7470910574039],[-122.378035246305,37.7471374069584],[-122.377371675178,37.7471558034304],[-122.376720850246,37.7471510848022],[-122.376529705822,37.7471634641862],[-122.3764251006,37.7471651298766],[-122.376281742057,37.7471622992683],[-122.376113987068,37.7471496293649],[-122.376015560459,37.7471409684828],[-122.375893690516,37.7471227687647],[-122.37586678777,37.7471171693423],[-122.375732512093,37.7470892254978],[-122.375627197202,37.7470627775697],[-122.37546993184,37.747019257872],[-122.375385377016,37.7469860874748],[-122.375327415917,37.7469581861998],[-122.375220514601,37.7468966669766],[-122.375105832079,37.7468179537209],[-122.37497473554,37.7466958653989],[-122.374863553752,37.7465316128945],[-122.374845561395,37.7465203933605],[-122.374799108613,37.7464726327193],[-122.374783533623,37.7464200794989],[-122.374791411848,37.7463558392895],[-122.374806736209,37.7463215825098],[-122.374875277665,37.7460852936191],[-122.37492818574,37.7459028951471],[-122.374943860443,37.7458860269897],[-122.374970184674,37.7458446993838],[-122.374969153409,37.7458038064761],[-122.374952427676,37.7457724674729],[-122.374159912373,37.7449959529307],[-122.374120644317,37.7449710101685],[-122.374083341775,37.7449600979738],[-122.374017104497,37.7449509239722],[-122.373961069387,37.744963320062],[-122.373892717475,37.7449973096735],[-122.373866534279,37.7450354476328],[-122.37385606711,37.7450506935767],[-122.373866703163,37.7450957821426],[-122.373487372466,37.7453092462068],[-122.373407589492,37.7453594738751],[-122.373327961927,37.7453939775856],[-122.373238312757,37.7454150353967],[-122.373135494284,37.7454226054102],[-122.373072144192,37.7454176771233],[-122.37297215182,37.7453932416809],[-122.372772282059,37.7455114736307],[-122.367646459115,37.740137935326],[-122.36788285168,37.7399999567617],[-122.368299829872,37.7399795168655],[-122.368289139022,37.7398324386707],[-122.368826725922,37.7398031387897],[-122.371266398419,37.7396701387087],[-122.371277662394,37.7397977995254],[-122.372577067368,37.7397192740764],[-122.37341638849,37.7396682178204],[-122.373432412639,37.7396395558028],[-122.373458069421,37.7396260683757],[-122.373675812063,37.7395883858297],[-122.373741955916,37.7395838400538],[-122.373970027387,37.7395734790368],[-122.374004881121,37.7395511927224],[-122.374028213064,37.7395188614997],[-122.3740192892,37.7394700549093],[-122.373961085556,37.7394219515729],[-122.37390231238,37.7393512279471],[-122.373839708788,37.7392572318275],[-122.373778401465,37.7391457656132],[-122.373727221748,37.7389994913488],[-122.373627999232,37.7388313522392],[-122.373515200477,37.7386898284894],[-122.37337942641,37.7385788423603],[-122.373224758077,37.738471928073],[-122.372984641995,37.7383663719164],[-122.372759907766,37.7383058280361],[-122.372564606836,37.7382825318602],[-122.37233189916,37.7382824586889],[-122.371272453064,37.7381845518705],[-122.371137311411,37.7381807469577],[-122.371027480689,37.7381731016114],[-122.370874711395,37.7381793630947],[-122.370757373453,37.7381863392418],[-122.370601675651,37.7382041518571],[-122.370553756819,37.7381550552662],[-122.370413408531,37.7382071405171],[-122.370191318043,37.7382093875177],[-122.369917847514,37.7382227345434],[-122.369701210699,37.7382440117775],[-122.369499104133,37.7382727865789],[-122.369391453622,37.7382808865715],[-122.369281937311,37.7382787887573],[-122.369165694415,37.7382652925575],[-122.369078802174,37.7382666707357],[-122.369007711299,37.7382562924848],[-122.368893270424,37.7382504373575],[-122.368522453061,37.7382561859246],[-122.368354279457,37.7382615423497],[-122.368152643608,37.7382809071731],[-122.367532239225,37.7383474425907],[-122.367488536186,37.7383379083068],[-122.36744587699,37.7383147400132],[-122.367406667325,37.7382663318744],[-122.367405625279,37.7382248621961],[-122.367417356378,37.7381958557851],[-122.367515451509,37.7381278248341],[-122.367585713239,37.7380988425388],[-122.367653721096,37.7380813850996],[-122.367936787428,37.7380278242523],[-122.368153620975,37.7379957502409],[-122.368413113718,37.7379701586522],[-122.368461876966,37.7379632492627],[-122.368490299662,37.737966889373],[-122.368546812676,37.7379608793548],[-122.368650698347,37.7379438914602],[-122.368751469559,37.7379206626589],[-122.368869012318,37.7378735400953],[-122.368962722771,37.7378230238952],[-122.369004499822,37.737784646365],[-122.369033930427,37.7377690657441],[-122.36908016941,37.7377642413774],[-122.369127982241,37.7377730909039],[-122.369203596133,37.7377701746877],[-122.369334975642,37.7377571302134],[-122.36945928002,37.7377397167388],[-122.369653993451,37.7376917287847],[-122.369752394009,37.7376615315229],[-122.369794489063,37.737645523211],[-122.36987607765,37.7376125233731],[-122.369930607185,37.7375789317508],[-122.370030449538,37.7375548475037],[-122.370120302626,37.7375431939705],[-122.370213888214,37.7375263686636],[-122.370377503767,37.7374777490179],[-122.370448845272,37.7374469577668],[-122.370527652675,37.7374058208115],[-122.370564289566,37.7373776260779],[-122.370588618639,37.737372126086],[-122.37062463659,37.7373705312162],[-122.3706945354,37.7373847628531],[-122.370748551098,37.737381859409],[-122.370810108153,37.7373716771071],[-122.370877484495,37.7373368584974],[-122.370924831998,37.7372865053255],[-122.370994235837,37.7372137450418],[-122.371092122559,37.7371405314438],[-122.37123785984,37.7370816446638],[-122.371379894267,37.737064302782],[-122.371521924201,37.7370894009472],[-122.371689027912,37.7370820211824],[-122.371897047189,37.7370447735349],[-122.371968253947,37.7370436418472],[-122.37203053684,37.7370652817306],[-122.372093389266,37.737109541137],[-122.372142285465,37.7371653361831],[-122.372293623743,37.7371403034015],[-122.372316219965,37.7370946857051],[-122.37252683178,37.7370662898062],[-122.372718870927,37.737054343506],[-122.373017939848,37.737049590134],[-122.373227574296,37.737076428815],[-122.373418789687,37.7371261903564],[-122.373562819272,37.737188015363],[-122.374108434416,37.7376348543164],[-122.374370411,37.7378213068454],[-122.374434966632,37.7378381065107],[-122.37452125251,37.7378265467955],[-122.374806280763,37.7380664794241],[-122.374749321285,37.737333985599],[-122.374705388278,37.7368635761185],[-122.374649366642,37.7363707591579],[-122.374639542666,37.7359812963099],[-122.373084338822,37.7351050368402],[-122.367081886823,37.735395116811],[-122.369557858444,37.7324494226408],[-122.369452915456,37.7321138581394],[-122.369083267699,37.7319970967589],[-122.368715939393,37.7319722640011],[-122.368664612353,37.7322336650737],[-122.368184220288,37.7323179261769],[-122.367829633686,37.7320323036602],[-122.367480825048,37.7319765182446],[-122.366735339245,37.7322642489076],[-122.365290948879,37.733927286958],[-122.365066654824,37.7337177863221],[-122.366577920271,37.732144111659],[-122.36643979172,37.7320236722695],[-122.365482404121,37.7330965104049],[-122.365300941738,37.7329499989751],[-122.366186677914,37.7319357100355],[-122.36600486429,37.7318251592415],[-122.365052575529,37.7328887139259],[-122.364881717758,37.7327476079303],[-122.365833640007,37.7317113721188],[-122.365696284007,37.7316215750934],[-122.364869710876,37.7325237214817],[-122.364725047979,37.7324084548394],[-122.365089688526,37.7320603789407],[-122.363796772982,37.7312990808736],[-122.362874101676,37.7322180605499],[-122.362643810468,37.7319793984554],[-122.3633681122,37.731137246034],[-122.362897411161,37.7308381178569],[-122.362090105995,37.7317399398723],[-122.361815019397,37.7315450146456],[-122.362564832385,37.7306594316966],[-122.361996525797,37.7303158569767],[-122.362108439711,37.7301608015097],[-122.361759260069,37.7300896761417],[-122.361179728133,37.7300681763154],[-122.360867600403,37.7299351495096],[-122.360797720457,37.7302274969775],[-122.3605094951,37.7302780354115],[-122.359873610948,37.7303187315683],[-122.358819181942,37.7298295293166],[-122.358927653512,37.729536572813],[-122.361102661665,37.7290254425239],[-122.361882094803,37.7288307872435],[-122.362150288627,37.7287499062478],[-122.362318923966,37.7285479690969],[-122.362123318507,37.7284437608113],[-122.361603591912,37.7284979595114],[-122.361008642191,37.72862998284],[-122.360151921599,37.7288483193341],[-122.358895273738,37.7291685968458],[-122.357748539244,37.7294631988689],[-122.357531348167,37.7292673532517],[-122.357831975665,37.7289407115922],[-122.360078007319,37.7284607423597],[-122.36032458139,37.7282882339176],[-122.360455787524,37.7281328750853],[-122.360108153882,37.7281230361031],[-122.357172986844,37.7288284753035],[-122.357169159123,37.7286752462422],[-122.356995916325,37.7286933062658],[-122.357708606434,37.7263214629086],[-122.358124586598,37.7259776733803],[-122.36161868271,37.7252480512745],[-122.361302458662,37.7241800433438],[-122.35796388518,37.7249531894825],[-122.357801898273,37.7246491727361],[-122.361533175671,37.7237550938147],[-122.361962655717,37.7239425113902],[-122.364871860545,37.7256871145714],[-122.365104890716,37.725744740712],[-122.365274665118,37.725588766205],[-122.365270434951,37.7254202186413],[-122.365054002053,37.7252181267534],[-122.362350007471,37.7236269846961],[-122.362784472268,37.7232522277656],[-122.359925892897,37.7216112445404],[-122.360209490134,37.7213768372221],[-122.362990137061,37.722988389075],[-122.363778817456,37.722117508951],[-122.359097571645,37.7193556815936],[-122.359904396212,37.7184385554134],[-122.362321515605,37.7198229293754],[-122.363200532382,37.7188196950365],[-122.362411602255,37.7183836131789],[-122.362502673459,37.7181675723201],[-122.358527218695,37.7158390933884],[-122.35869851664,37.7157444186285],[-122.362653530239,37.7180272291677],[-122.363856139944,37.7167359276606],[-122.359958638286,37.7144369197462],[-122.360109492372,37.7142965801863],[-122.36398731823,37.7165805644937],[-122.36430910824,37.7162826061714],[-122.365226535182,37.715212025144],[-122.361057125165,37.7128407172739],[-122.361209125501,37.7127463428392],[-122.365440599222,37.7152075418276],[-122.3644257967,37.7163445366962],[-122.364699662488,37.7164922875931],[-122.36520952648,37.7160414745032],[-122.365495020959,37.7159744287184],[-122.365724629447,37.7162025897903],[-122.366955237843,37.717237841681],[-122.36791306382,37.717744951747],[-122.368652432096,37.7178406891356],[-122.369361847846,37.717798621775],[-122.36987051618,37.7180048638874],[-122.369933137739,37.7182181168519],[-122.37021342648,37.7186278943737],[-122.370607444632,37.7187780474788],[-122.371034071628,37.7187499543725],[-122.371586900244,37.7189192753106],[-122.371808967376,37.7190289798767],[-122.372970154865,37.7189843920314],[-122.373359831459,37.718793828218],[-122.373867715564,37.7188461239206],[-122.374164310525,37.719103283655],[-122.37415084388,37.7194190605579],[-122.374481588297,37.7197563162022],[-122.37472480177,37.719862349395],[-122.374906106049,37.7200946418591],[-122.375493847688,37.7203553039372],[-122.375771760386,37.7209878277265],[-122.375865649604,37.7216550783211],[-122.375955914121,37.7220298092254],[-122.375864977664,37.7223730934004],[-122.375991049028,37.7227517329607],[-122.376249408995,37.7231596124049],[-122.376782483658,37.7235063914775],[-122.37668559766,37.723613919256],[-122.37712936002,37.7242935066662],[-122.377221774205,37.724157687737],[-122.377603118924,37.724151610518],[-122.378608014825,37.7239818389792],[-122.379063241486,37.7237760448051],[-122.379247487747,37.7234073858047],[-122.379299450795,37.7230841260821],[-122.37951185924,37.7229374349695],[-122.3797940048,37.7228732241206],[-122.379974434119,37.7223538572901],[-122.380143662346,37.7221347108011],[-122.38071249894,37.7217405046993],[-122.380999953543,37.7218120445256],[-122.38239665235,37.7204045125212],[-122.375677180363,37.716591586752],[-122.375950192751,37.7162233467878],[-122.376058069636,37.716077842316],[-122.376434116991,37.7155745127011],[-122.376731389281,37.7151754557999],[-122.377400180519,37.7143439671845],[-122.378666675712,37.7133121996347],[-122.379376798436,37.7123957434016],[-122.379821270465,37.7116691563327],[-122.380030886048,37.7115580650359],[-122.380140661074,37.711311289567],[-122.38014278559,37.711104526384],[-122.380146324054,37.7107760407573],[-122.38002294045,37.7105008573095],[-122.379733427807,37.7105054780695],[-122.378928535515,37.7099503843007],[-122.378727361401,37.7095871933763],[-122.378486069424,37.709252876295],[-122.378339728474,37.7087800910065],[-122.377872814732,37.7086343565804],[-122.377508885651,37.708716748425],[-122.377048528712,37.7088467595321],[-122.376744858621,37.7090508632487],[-122.376464637253,37.7094071241382],[-122.37637486142,37.7096698051817],[-122.376067299826,37.7097360415272],[-122.375620361023,37.7096049076907],[-122.375403804157,37.7094246686437],[-122.374526041428,37.7090397886995],[-122.374441906117,37.7087649491716],[-122.374475283022,37.7085658024136],[-122.375570977937,37.7084409383216],[-122.375629485211,37.7084400911824],[-122.376464432437,37.7084280059445],[-122.37736831997,37.7084355015639],[-122.378942454911,37.7084485384107],[-122.37945000664,37.7084404401299],[-122.380448398738,37.7084273066282],[-122.381737786598,37.7084103325687],[-122.393180244616,37.7084070669593],[-122.393251052522,37.7084098528546],[-122.393265592653,37.7084104256688],[-122.393429258511,37.7084165780906],[-122.393500138282,37.7084194933306],[-122.393596754786,37.7084228392471],[-122.393791074755,37.7084220795222],[-122.39423922269,37.7084194336329],[-122.394568752584,37.7084178502212],[-122.394870422128,37.7084160372575],[-122.395013720484,37.708415590235],[-122.395137873046,37.7084147750764],[-122.395468673158,37.7084129990683],[-122.396160878983,37.7084089524135],[-122.39649083378,37.7084073562092],[-122.396776774722,37.7084057926965],[-122.397122882126,37.7084039335377],[-122.397426690558,37.7084025867847],[-122.397694770297,37.708400970681],[-122.398250925374,37.708398090264],[-122.398715876297,37.7083956639763],[-122.399003092847,37.7083940741679],[-122.399379389034,37.7083920600789],[-122.399697861565,37.7083904709811],[-122.399805645026,37.7083897460796],[-122.400470480083,37.7083870198814],[-122.401325121075,37.7083834707066],[-122.401429936502,37.7083831302871],[-122.402028192922,37.7083802271274],[-122.402686854756,37.7083782997419],[-122.402846886031,37.708377197465],[-122.403741752683,37.7083710336689],[-122.405192552528,37.70836786329],[-122.405340116085,37.7083675392163],[-122.406599970033,37.7083566294447],[-122.407332814743,37.7083502446228],[-122.408312536257,37.7083359377588],[-122.410108043033,37.7083342655093],[-122.411548432302,37.7083344112004],[-122.412373469313,37.7083317020567],[-122.413566118499,37.7083233166449],[-122.414275244991,37.7083332769419],[-122.415245119172,37.7083344069363],[-122.416232002055,37.7083352526554],[-122.417227387492,37.7083359505512],[-122.41827787469,37.7083289836739],[-122.419243584282,37.7083335278149],[-122.420115489995,37.7083294555709],[-122.420130024736,37.7083295408535],[-122.42377849094,37.7083507890099],[-122.426010747828,37.7083143065371],[-122.426213856913,37.7083204191683],[-122.426946344094,37.7083057612184],[-122.42771177609,37.7082966153669],[-122.428358679876,37.708309682087],[-122.429354592624,37.7083305464775],[-122.430511200501,37.7083149738735],[-122.431182914857,37.7083005817201],[-122.432284597942,37.7082994112159],[-122.434160393442,37.7082956566479],[-122.435002797583,37.7083020961974],[-122.436240542196,37.7082986522005],[-122.43886918699,37.7082925829195],[-122.440507705984,37.7082861085453],[-122.441250186922,37.708287022491],[-122.4415870839,37.7082852265806],[-122.442117910079,37.7082849273806],[-122.442536396543,37.7082836623547],[-122.442913545232,37.7082840162776],[-122.443237467842,37.7082833681295],[-122.443781292643,37.7082828479053],[-122.444686757619,37.7082772938724],[-122.445833986187,37.7082561245813],[-122.446456868123,37.7082552966286],[-122.447133273481,37.7082576347955],[-122.44724373482,37.7082524289983],[-122.449118184644,37.7082444301925],[-122.449693709196,37.7082456923764],[-122.450021192728,37.7082436498558],[-122.451149013194,37.7082375123441],[-122.451480684671,37.7082361002046],[-122.451585725576,37.7082357199859],[-122.451674111715,37.7082365536243],[-122.4522863037,37.7082330840395],[-122.452366731664,37.7082327052421],[-122.452516197852,37.7082326114311],[-122.452854718984,37.7082312916812],[-122.453481948766,37.7082289975762],[-122.453861297429,37.7082279507309],[-122.454384710711,37.7082276024931],[-122.454638606052,37.7082260212094],[-122.455012527992,37.7082241080337],[-122.455185395294,37.708223622633],[-122.455550892833,37.7082208928751],[-122.456104507475,37.70822696003],[-122.456701375099,37.7082342140354],[-122.457113274216,37.7082383395863],[-122.457636888721,37.7082448992473],[-122.457856632809,37.7082464926123],[-122.457974911288,37.7082473866593],[-122.458158478423,37.7082429043429],[-122.458360581395,37.7082387425471],[-122.458520581229,37.7082354463705],[-122.458835912351,37.7084500926836],[-122.45863713045,37.7084225471545],[-122.458637716152,37.708422766757],[-122.458150814895,37.7088788966268],[-122.458120135631,37.7089074227284],[-122.458056186363,37.7089668826901],[-122.457608519924,37.7093866658482],[-122.457541070819,37.7094487684353],[-122.457473466306,37.7095110159486],[-122.457039702195,37.7099202332913],[-122.45702583041,37.7099220440863],[-122.45675103307,37.7099579046397],[-122.456706105627,37.7100027971104],[-122.456605007429,37.7103136530402],[-122.456598916851,37.7103323841485],[-122.456410344303,37.7104948017115],[-122.456263539823,37.7106314132103],[-122.456064777685,37.7108163731092],[-122.455538620948,37.7109959300884],[-122.455162142403,37.7111559398983],[-122.454946085,37.7112549320972],[-122.454393601338,37.711585322294],[-122.454011934123,37.7118263398361],[-122.453757224011,37.7119871850024],[-122.453163272318,37.7124860235266],[-122.453069101927,37.712565112973],[-122.453037506381,37.7125889310376],[-122.452828804385,37.7127462554298],[-122.452557479931,37.7129590601906],[-122.452411330323,37.7130860770237],[-122.452317997161,37.7131713363334],[-122.452253808941,37.7132301767478],[-122.452205527189,37.713274434055],[-122.452173793304,37.7133025349228],[-122.452066623392,37.7133974366544],[-122.451796009506,37.7136374825462],[-122.45156397377,37.7138535273766],[-122.450928380672,37.714379956354],[-122.450540232112,37.7147173386897],[-122.450377388213,37.7148621508414],[-122.450295940661,37.7149335836102],[-122.450190456887,37.7150229354104],[-122.450097170438,37.7151101388886],[-122.449875076357,37.7153318558671],[-122.449708331972,37.7155037236609],[-122.449531470761,37.7156860186619],[-122.449181635348,37.716176558617],[-122.449084478957,37.7163313157689],[-122.449033432191,37.7164126253227],[-122.448843468153,37.7167986814001],[-122.448726304483,37.7170367855593],[-122.448637389236,37.7174149833993],[-122.448578298955,37.7176544186612],[-122.448463373888,37.7183980452989],[-122.448460960115,37.7184136605511],[-122.44845805676,37.7184415427394],[-122.448406141323,37.7189401992454],[-122.448303154865,37.7197085226615],[-122.448266747943,37.7199801417688],[-122.4482481618,37.7201583214749],[-122.448129640777,37.7212945433011],[-122.448225438915,37.7213332569481],[-122.448418045797,37.7214067561896],[-122.448520309111,37.721563801082],[-122.448559249281,37.7215793574009],[-122.44921991885,37.721843267903],[-122.449975894281,37.7221483634212],[-122.450159961778,37.722223275148],[-122.451472061743,37.7227502543062],[-122.451482097721,37.7227577641089],[-122.451765706636,37.7229699766495],[-122.451891785186,37.7230644737759],[-122.451990856786,37.7231387280314],[-122.452347022626,37.7232059186786],[-122.452630431217,37.7232629811559],[-122.453122100732,37.7233619735214],[-122.454095016609,37.7235684836514],[-122.455129043078,37.7237840277235],[-122.456032123924,37.7239699900434],[-122.456420178161,37.7240514652948],[-122.456438726575,37.7240569534865],[-122.456507613882,37.7240773395144],[-122.456583567338,37.7240996596187],[-122.457246095521,37.7242314051526],[-122.457417697995,37.7242725139005],[-122.457733874432,37.724337359465],[-122.457738536689,37.7243574775442],[-122.457860424598,37.7243825515952],[-122.457989692167,37.7244091440491],[-122.458203245066,37.7244530252008],[-122.458452912935,37.7245048081665],[-122.458678417021,37.7245527890354],[-122.458678077458,37.7245357049848],[-122.458678027152,37.7245331442243],[-122.459193027711,37.7246390547626],[-122.459766584952,37.7247683991646],[-122.460046943762,37.7248316228654],[-122.459949498114,37.7254245421821],[-122.459941677381,37.7255423029742],[-122.459949149567,37.725713167271],[-122.459951411525,37.7258557006062],[-122.459969441611,37.725950655178],[-122.46002789319,37.7261466999851],[-122.460037309331,37.7261785936846],[-122.460040377078,37.7261889828652],[-122.460044745585,37.7262083913456],[-122.460052397434,37.7262423860159],[-122.460065594584,37.7263009652369],[-122.460068162868,37.7263123633328],[-122.460080703349,37.7264475978205],[-122.460079728677,37.7264731607082],[-122.460076585472,37.7265555469265],[-122.46007618662,37.7265659801061],[-122.460075397899,37.72658669299],[-122.460063759326,37.7266811371873],[-122.46006093143,37.7267040881521],[-122.46004234888,37.726808228545],[-122.460029401461,37.726884481976],[-122.460011350714,37.726994087353],[-122.459992774452,37.7271405324112],[-122.459971209496,37.7275139523928],[-122.459970693863,37.7276553099326],[-122.459979978849,37.7278464733478],[-122.459983873945,37.7278592311049],[-122.459986953369,37.7278962638286],[-122.459996954313,37.7280043422656],[-122.460001304854,37.728041686826],[-122.460009101333,37.728114053981],[-122.460023550734,37.7282153766894],[-122.460064095296,37.7284448883675],[-122.460073748592,37.7285078709141],[-122.46008245686,37.7285694146565],[-122.460087708412,37.7286065280214],[-122.460089237344,37.7286260516788],[-122.46009307854,37.7286750707504],[-122.46010090646,37.7287169450745],[-122.460119203345,37.7288148303092],[-122.460122029445,37.7288712234453],[-122.46012376499,37.728937009936],[-122.46012505048,37.7289857644994],[-122.460126013474,37.7290382007883],[-122.460123493699,37.7291180896267],[-122.460116312567,37.729230320503],[-122.46011625238,37.7292312597679],[-122.460116046666,37.7292344761463],[-122.46011012587,37.7292970494913],[-122.4601009918,37.7293653549891],[-122.460089650569,37.7294457244733],[-122.460080370074,37.72949500304],[-122.460078407255,37.7295054251482],[-122.460070464351,37.7295476066427],[-122.460051714715,37.72963411309],[-122.460031437044,37.7297106229378],[-122.460007762843,37.7297933970304],[-122.460003079027,37.7298097722279],[-122.459997161824,37.7298304621796],[-122.459974694959,37.7299036666652],[-122.45995275271,37.7299648355347],[-122.459927454355,37.7300263944072],[-122.459908313053,37.7300661351069],[-122.4598914382,37.7300962004755],[-122.459887466748,37.7301032754305],[-122.459886940335,37.7301042139738],[-122.459858045126,37.7301538338426],[-122.459817567039,37.7302139751537],[-122.459770273435,37.7302748631281],[-122.459746538148,37.730300957553],[-122.459715975666,37.7303345553193],[-122.459679214808,37.7303749679647],[-122.459657835802,37.7303936989743],[-122.459641723619,37.7304077443865],[-122.459615328421,37.7304307531659],[-122.459611827686,37.7304340895627],[-122.459589221582,37.7304556439894],[-122.459536056589,37.7304972871126],[-122.459488986665,37.7305308101899],[-122.45945886256,37.7305485528891],[-122.459436031877,37.7305644312975],[-122.459387577649,37.7305933007349],[-122.459368317769,37.7306027983609],[-122.459346832762,37.7306151897487],[-122.459336986329,37.7306208692821],[-122.459211612956,37.7307685185251],[-122.459175761193,37.7308107397971],[-122.459173327657,37.7308121486645],[-122.459102514361,37.7308531557145],[-122.458945475375,37.7309440946888],[-122.458922356333,37.7309527567556],[-122.458922148822,37.7309528349075],[-122.458901336654,37.7309611992858],[-122.458874421331,37.7309773490058],[-122.458867199774,37.7309832501783],[-122.458862495297,37.7309870959579],[-122.458843126721,37.7310029252499],[-122.458796110696,37.7310544883633],[-122.458760709887,37.7310998447761],[-122.458726685298,37.7311495215258],[-122.458691733647,37.7312119092412],[-122.458683719776,37.7312270756178],[-122.458664244301,37.7312701626892],[-122.458652239215,37.7313094508638],[-122.458643484234,37.7313443412235],[-122.458640269164,37.7313590159295],[-122.458639434629,37.7313628247452],[-122.45863672531,37.7313751897186],[-122.45862986308,37.7314180671161],[-122.458623803943,37.7315073691934],[-122.45862124105,37.7316016245259],[-122.458623670094,37.731693791684],[-122.458630550291,37.7317952402197],[-122.458634398674,37.7318933977553],[-122.458640246706,37.7320035491682],[-122.458653882234,37.7321219239934],[-122.458666305036,37.7322048659009],[-122.458688583255,37.732320433384],[-122.458694566035,37.732351465481],[-122.458702199918,37.7323910635519],[-122.458753490127,37.7326133810056],[-122.458843130315,37.7329022125268],[-122.458900114945,37.7330532752015],[-122.458940546319,37.7331508243448],[-122.458988406761,37.7332589405816],[-122.459040427301,37.7333653181939],[-122.45909944931,37.7334819353274],[-122.459192106938,37.7336457677884],[-122.459291778612,37.733803433944],[-122.459318507983,37.733845716715],[-122.459340917356,37.7338811635775],[-122.459399041948,37.7339637184546],[-122.45946292025,37.734049451045],[-122.459499369393,37.7340983684857],[-122.459537720269,37.7341498385072],[-122.459616247398,37.7342480362582],[-122.45971449075,37.7343607133298],[-122.459743761456,37.7343925807576],[-122.459769527833,37.73442063383],[-122.459856546736,37.7345153721035],[-122.460051651833,37.7347035581362],[-122.460097641982,37.7347445026442],[-122.460151872377,37.7347927837868],[-122.460234733878,37.7348665545553],[-122.46025238757,37.7348819624412],[-122.460320899381,37.7349351397992],[-122.460476565742,37.7350559666114],[-122.460489775468,37.7350690641336],[-122.46065583354,37.735233725707],[-122.460989595397,37.7355271804143],[-122.46106595579,37.7357905048447],[-122.4611046615,37.735876425003],[-122.461117343017,37.7359045755517],[-122.461126713344,37.7359295021875],[-122.46112740325,37.7359313372115],[-122.461139059789,37.7359623457721],[-122.461160418133,37.7360224596319],[-122.461177027085,37.7360779763014],[-122.461184505559,37.7361062496764],[-122.461193551594,37.7361461888727],[-122.461202837479,37.7361794444054],[-122.461204076256,37.7361858147518],[-122.461230117518,37.7363203080014],[-122.461237045325,37.7363596148089],[-122.461253774651,37.7364515444481],[-122.461278491796,37.7365911159878],[-122.461301539871,37.7367179068817],[-122.461302493882,37.73672312986],[-122.461386268071,37.7371839972755],[-122.461552777995,37.7381053107556],[-122.461579696013,37.7382485206948],[-122.461630638574,37.738523125813],[-122.461651306114,37.7386345354226],[-122.461655790504,37.7386768893159],[-122.461657276317,37.7387172895937],[-122.461655527297,37.7387401210334],[-122.461654147485,37.7387580997483],[-122.461645422149,37.7388100289982],[-122.461642349012,37.7388211047802],[-122.461637344498,37.7388396525023],[-122.461632385797,37.7388580204898],[-122.461619049408,37.7388946584163],[-122.461601525074,37.7389320330042],[-122.461581793579,37.7389654371787],[-122.461567656791,37.7389877215383],[-122.461553472393,37.7390061932065],[-122.461546593094,37.7390184744977],[-122.461521691795,37.7390472866489],[-122.46149427611,37.7390764745869],[-122.461463075824,37.7391057250281],[-122.461435886515,37.7391275596668],[-122.461419777027,37.7391388520711],[-122.461416902418,37.739140823411],[-122.4614077944,37.7391470698942],[-122.461395020356,37.7391557551547],[-122.461375558356,37.739168988347],[-122.461363433794,37.7391755097497],[-122.461354404827,37.7391803652817],[-122.461309263586,37.7392050641995],[-122.461303394892,37.7392082758823],[-122.461292004255,37.7392134930017],[-122.461272713832,37.7392223281472],[-122.461252684096,37.7392315028589],[-122.461237246548,37.7392372257756],[-122.461199421186,37.7392512496193],[-122.46118852552,37.7392552889063],[-122.46117718429,37.7392586511899],[-122.461149169429,37.7392669563779],[-122.46113718231,37.7392705090459],[-122.46108864903,37.7392806719061],[-122.461053047897,37.7392866093572],[-122.461046413839,37.7392874632476],[-122.461014749124,37.7392915387627],[-122.460999381644,37.739293516492],[-122.460964129057,37.7392967750568],[-122.46091821257,37.7392977610799],[-122.460895174376,37.7392982569329],[-122.460882346434,37.7392976985654],[-122.460832416274,37.7392955212162],[-122.460828628078,37.7392953564054],[-122.46082745937,37.739295208644],[-122.460642735205,37.7392719596654],[-122.460612938087,37.7392682087982],[-122.460588983612,37.7392643634487],[-122.460458311077,37.7392433870037],[-122.46043918325,37.739239607009],[-122.460417712616,37.7392353766257],[-122.460383151732,37.739232944244],[-122.46037678627,37.7392332788385],[-122.460334178278,37.7392355158625],[-122.46032727742,37.7392358781623],[-122.460319252769,37.7392375752884],[-122.460287078709,37.7392443765794],[-122.460275818327,37.7392467563917],[-122.460267725405,37.7392501406979],[-122.460232544683,37.7392648493566],[-122.46022258057,37.7392692630192],[-122.460212168198,37.7392738748808],[-122.460198950386,37.7392831149421],[-122.460198060156,37.7392837400865],[-122.460186232937,37.7392920402989],[-122.460179849509,37.7392965249991],[-122.460177952267,37.739298471471],[-122.460161374756,37.7393154796561],[-122.460159059798,37.7393178559142],[-122.460156504091,37.7393218710444],[-122.460148960938,37.7393337253382],[-122.460135337088,37.739355593298],[-122.460134027344,37.7393576939233],[-122.460132714906,37.7393607486031],[-122.460123968908,37.7393810991609],[-122.460123326613,37.7393825945328],[-122.46012288554,37.7393863993839],[-122.460119492603,37.7394156667519],[-122.460119213227,37.7394180756847],[-122.460119350669,37.7394208000307],[-122.460120664006,37.7394467271323],[-122.46012097123,37.7394527917299],[-122.460122868472,37.7394610919233],[-122.460126167086,37.7394755170947],[-122.460126677329,37.7394777541113],[-122.460127186673,37.7394792011748],[-122.460127250454,37.7394793944007],[-122.460135199646,37.7395019812314],[-122.460139411846,37.739513956973],[-122.460156875994,37.7395458981943],[-122.460158419299,37.7395487205693],[-122.460160942667,37.7395544534069],[-122.460171876062,37.7395792814907],[-122.460205208051,37.739647556902],[-122.460224319708,37.7396867042369],[-122.460243455621,37.7397259005679],[-122.460246112837,37.7397313435539],[-122.460248885038,37.7397401544844],[-122.460255705946,37.7397618326509],[-122.46025667433,37.7397649107568],[-122.460257540306,37.7397688001242],[-122.460260725732,37.7397830497701],[-122.460262398395,37.7397905400859],[-122.460262980503,37.7397957443773],[-122.460264600166,37.7398102142378],[-122.460266347389,37.7398378937255],[-122.460266269236,37.7398546368127],[-122.460266194675,37.7398706574338],[-122.460260714952,37.7399021530895],[-122.460259405208,37.7399067670428],[-122.460251092199,37.7399360562271],[-122.460245574746,37.7399501793923],[-122.460241016695,37.7399634657214],[-122.460238543633,37.7399706761273],[-122.460224109503,37.7399976430393],[-122.460220828855,37.7400027933269],[-122.46021019909,37.7400194795461],[-122.460207547264,37.7400236431085],[-122.460204617858,37.7400274983638],[-122.46019237921,37.7400436056144],[-122.460190064252,37.7400466524516],[-122.460187783429,37.7400492169381],[-122.460171736823,37.7400672606903],[-122.460164731761,37.7400751360053],[-122.4601441819,37.7400935186042],[-122.46013505322,37.740100509489],[-122.460122326788,37.740110253109],[-122.46011091459,37.7401185248134],[-122.460102511749,37.7401246142194],[-122.460095088072,37.7401291166287],[-122.460073946221,37.7401419219963],[-122.460065659263,37.7401469429842],[-122.460058576047,37.7401503641891],[-122.460024804782,37.7401666795551],[-122.460024119368,37.7401670105935],[-122.460023114153,37.7401674204844],[-122.459998948573,37.7401772727842],[-122.459991653355,37.7401802464466],[-122.459980190852,37.7401840292347],[-122.459974279039,37.7401859813665],[-122.459962876723,37.7401897456844],[-122.459959463125,37.740190623007],[-122.459924014706,37.7401997457408],[-122.459895994455,37.7402058067248],[-122.459895569552,37.7402058983641],[-122.459820458716,37.7402700338023],[-122.459645222557,37.7404196649454],[-122.459591108943,37.7404658709188],[-122.45919342297,37.7406525571357],[-122.459052956104,37.7406702604697],[-122.459030543137,37.7406739245997],[-122.45892100347,37.7406918318071],[-122.45883389743,37.740706977772],[-122.458591756545,37.7407617833929],[-122.458520735739,37.740780670189],[-122.458382547899,37.7408210529801],[-122.458267006587,37.740858720691],[-122.458140690882,37.7409025814397],[-122.457964132402,37.7409716647479],[-122.457903371255,37.7409967282007],[-122.457698754796,37.7410866559305],[-122.457582452611,37.7411433792788],[-122.457389910408,37.7412444646531],[-122.457189211502,37.7413553743278],[-122.45706523501,37.7414242512059],[-122.456888152813,37.7415214042992],[-122.456536559397,37.7417117249387],[-122.456376365528,37.7418489558479],[-122.456321578177,37.7418932969279],[-122.456275420941,37.7419298104589],[-122.456238050127,37.7419645075669],[-122.456164578716,37.7420342150052],[-122.456124966606,37.7420796407009],[-122.456088279409,37.7421243481905],[-122.456050909493,37.7421750823785],[-122.456026636116,37.7422119005163],[-122.455913172608,37.742408557225],[-122.455841116044,37.7425320278768],[-122.455795316337,37.7426077493945],[-122.455732399233,37.7427172462547],[-122.4556509948,37.7428532343058],[-122.455536083208,37.743042897994],[-122.455532330945,37.7430559720822],[-122.455531987788,37.74305716761],[-122.455531073303,37.7430603542632],[-122.455482748432,37.7431137289081],[-122.455464434479,37.7431339569636],[-122.455414203383,37.7431915844442],[-122.455336738961,37.7432782980014],[-122.455304731988,37.7433138625283],[-122.455196489487,37.7434341308259],[-122.455024236633,37.7436086476575],[-122.454897409787,37.7437293523406],[-122.454794675756,37.7438222630528],[-122.45469764962,37.7439025784858],[-122.454624220431,37.7439637365004],[-122.45442162069,37.7441236211101],[-122.454420442998,37.7441245495309],[-122.45439521022,37.7441444633377],[-122.454220990954,37.7442767812635],[-122.454069526014,37.7443885388055],[-122.453952656992,37.7444719940443],[-122.453868619597,37.7445295281388],[-122.45385182739,37.7445410235869],[-122.453774119524,37.744594223841],[-122.453728659381,37.7446253786547],[-122.453615493215,37.7446736938425],[-122.453494089498,37.7447272669293],[-122.453477830889,37.7447344413542],[-122.45344384313,37.7447543578384],[-122.453287850681,37.7448474164348],[-122.452540008597,37.7452935428612],[-122.452425588383,37.74535824713],[-122.452387844768,37.7453789171094],[-122.452302731191,37.7454220875778],[-122.452202819667,37.7454700669688],[-122.452199690835,37.7454715700313],[-122.452197584286,37.745472793223],[-122.452006166773,37.7455840218935],[-122.451828094633,37.7456761723554],[-122.451772680258,37.7456968010469],[-122.451755511656,37.7457030242463],[-122.451732914535,37.7457112157688],[-122.451672241423,37.7457332097038],[-122.451656006171,37.7457398257123],[-122.451651457102,37.7457420305748],[-122.45123703821,37.745942865995],[-122.450954969008,37.7459773445721],[-122.450876574829,37.7459869275949],[-122.450663121643,37.7460135122902],[-122.450506406949,37.7460378225104],[-122.450324834972,37.7460616276805],[-122.449838955099,37.7461142649738],[-122.449668643505,37.7461465670337],[-122.449600890769,37.746162053549],[-122.449519401895,37.7461831125621],[-122.449440496575,37.7462064680498],[-122.446613398663,37.7468543937907],[-122.446285769604,37.7469023282134],[-122.445748259061,37.7469810982048],[-122.445442790542,37.747027557217],[-122.445440245614,37.7470279443398],[-122.445436602946,37.7470284650022],[-122.44498922307,37.7470923821441],[-122.444881538423,37.7471077668862],[-122.444860566355,37.7469506610934],[-122.444796211048,37.7467750319683],[-122.444777247612,37.7465958600546],[-122.444776252279,37.7465864511393],[-122.444415466403,37.746591849581],[-122.444238153339,37.746594507603],[-122.443976694184,37.746598426445],[-122.443968317394,37.746597238788],[-122.443960767054,37.7465957073355],[-122.443951948293,37.7465935337526],[-122.443941835059,37.7465897242998],[-122.443929595513,37.7465822495887],[-122.443921177401,37.7465771082828],[-122.443907002884,37.7465661125069],[-122.443881118827,37.7465496429911],[-122.443866296625,37.7465412732706],[-122.443852351179,37.7465345451029],[-122.443836303675,37.7465271897204],[-122.443816494026,37.7465195651251],[-122.443779435826,37.7465065918042],[-122.443758521249,37.7464999105146],[-122.443744998909,37.7464955903353],[-122.44371632199,37.7464864278891],[-122.443704540585,37.746482647554],[-122.443675146811,37.7464755109456],[-122.443615584914,37.7464635725568],[-122.443572436136,37.7464569956807],[-122.443571002425,37.7464570233833],[-122.443523651328,37.7464579560367],[-122.443261747507,37.7464631129781],[-122.443221474236,37.7464707347379],[-122.443168400871,37.7464835375878],[-122.44308149246,37.7465108132481],[-122.442911032644,37.7465653957925],[-122.44275750068,37.7466145564166],[-122.442402062475,37.7467284264716],[-122.442192269924,37.7467954969801],[-122.44175903492,37.7469341710639],[-122.441388690969,37.7470525909169],[-122.4412960019,37.7470822786024],[-122.441266181426,37.7470907214243],[-122.441258620306,37.7470924283147],[-122.441214675621,37.7471023443315],[-122.441213916544,37.7471025155177],[-122.441211570145,37.7471029409972],[-122.441188129506,37.7471071901094],[-122.441175709399,37.7471094403914],[-122.44115906721,37.7471115564235],[-122.441147130396,37.747113073659],[-122.441130795431,37.7471151506237],[-122.441119260165,37.7471159951896],[-122.441090038867,37.7471181424755],[-122.441084154003,37.7471185693756],[-122.441079306694,37.7471186837365],[-122.441040271302,37.7471196085681],[-122.441038284228,37.747119655449],[-122.44103479068,37.7471196064372],[-122.441015436477,37.7471193343861],[-122.441005726587,37.747119197295],[-122.440999615349,37.7471188194068],[-122.440963933367,37.7471165733871],[-122.440944335721,37.7471148075409],[-122.44092969408,37.747113489194],[-122.440913943918,37.7471111664599],[-122.440897385273,37.7471087236822],[-122.440867081505,37.7471034623694],[-122.440864272473,37.7471029736718],[-122.440863065137,37.7471026945174],[-122.440806622191,37.7470896531083],[-122.440793328922,37.7470865831205],[-122.440778100681,37.7470815533692],[-122.440738903592,37.7470686078491],[-122.440722620729,37.7470632293311],[-122.440688679683,37.7470487779361],[-122.440669455735,37.7470405815894],[-122.440624658549,37.7470187890627],[-122.440600938534,37.7470052653333],[-122.440585723768,37.7469953741646],[-122.440563161681,37.7469807068198],[-122.440550704743,37.7469725772355],[-122.440542362089,37.7469671333613],[-122.440536364038,37.7469624438441],[-122.4405099904,37.7469418240292],[-122.440474842916,37.7469125930219],[-122.440468191789,37.7469070617741],[-122.440451572058,37.7468904651872],[-122.440448931011,37.746887827775],[-122.44044077341,37.7468796811328],[-122.440433254511,37.7468714954222],[-122.440411999473,37.7468483489781],[-122.440405463331,37.7468394046435],[-122.440369187564,37.7467897639929],[-122.440362237298,37.7467802542369],[-122.440353828169,37.7467649468516],[-122.440340248337,37.7467402284363],[-122.440334639256,37.7467300168779],[-122.440330986706,37.7467217629601],[-122.440326213059,37.7467109398135],[-122.440317582944,37.7466906665648],[-122.440315989332,37.7466869217561],[-122.440314154074,37.7466816760403],[-122.440307959292,37.7466639485725],[-122.440305618282,37.74665727369],[-122.440304341776,37.7466523035765],[-122.440294943602,37.7466157021644],[-122.440294898686,37.7466154649171],[-122.440288918601,37.7465770386712],[-122.440286113163,37.7465556650977],[-122.440285273238,37.7465492672309],[-122.440285257068,37.7465429190861],[-122.440285142982,37.7464969449197],[-122.440285141186,37.7464962580381],[-122.440285198678,37.7464956983042],[-122.440294992111,37.7464016643757],[-122.44030815782,37.7462752210792],[-122.4403125407,37.7462374723063],[-122.440316673849,37.7462018601718],[-122.440349172201,37.7458965121407],[-122.440349762394,37.7458892113901],[-122.440355449628,37.7458187638683],[-122.440355994905,37.7458120278213],[-122.44035603533,37.7458054764591],[-122.44035649886,37.7457328573804],[-122.440356597675,37.7457174773248],[-122.440354874706,37.7456950380082],[-122.440351922842,37.7456566027605],[-122.440350906848,37.7456433551007],[-122.440349406661,37.7456325119072],[-122.440342677381,37.7455838542554],[-122.44033479736,37.745539506152],[-122.440332405146,37.7455260425306],[-122.440328419321,37.7455096132721],[-122.440320716267,37.7454778621519],[-122.440304205233,37.7454208153723],[-122.440214394365,37.7453848554921],[-122.440101533626,37.7453008976561],[-122.439845571263,37.7452288982041],[-122.439711523758,37.7452369647602],[-122.43885835241,37.745288299888],[-122.438039311653,37.745338123391],[-122.437832606611,37.7453552303453],[-122.437835512661,37.7453794995823],[-122.43785357329,37.7455303435875],[-122.437914475473,37.7461665612736],[-122.437924092836,37.7462736427387],[-122.437929201555,37.7463305233554],[-122.437969269112,37.7467418273663],[-122.437989975279,37.7469543831586],[-122.437989780345,37.7469543945237],[-122.437724038022,37.7469702552073],[-122.436579203465,37.7470385749441],[-122.436398603465,37.7470486571822],[-122.436300811965,37.7470541152567],[-122.435919893047,37.7470768233712],[-122.435797530827,37.7470842071117],[-122.435779421689,37.7470852995786],[-122.435649832523,37.7470929418734],[-122.433846354097,37.7471992839804],[-122.433702430514,37.7472078141577],[-122.43356195736,37.7472162875088],[-122.43192989905,37.747313020307],[-122.431634060471,37.7473301509555],[-122.431482842567,37.7473463922868],[-122.431351289684,37.7473589172525],[-122.431110602273,37.7473728869943],[-122.4294168315,37.747470653093],[-122.429341316422,37.747475951316],[-122.429274083811,37.7474806677926],[-122.429132450932,37.7474883306457],[-122.428157955817,37.7475441434401],[-122.427188938628,37.7475996351316],[-122.427173909814,37.7476009207955],[-122.427050278274,37.7476114980442],[-122.426905114118,37.7476231364964],[-122.426584744345,37.7476419299116],[-122.424978545837,37.7477361398418],[-122.424911480313,37.7477415936037],[-122.424769804314,37.7477531148344],[-122.424565056701,37.7477664168103],[-122.423179672175,37.7478478296529],[-122.422639616705,37.7478795619986],[-122.422629401063,37.7478802794106],[-122.422487116007,37.7478902741661],[-122.422253601644,37.7479057347454],[-122.421494318616,37.747950330749],[-122.421389686445,37.7479592230969],[-122.421256418678,37.7479631191368],[-122.420665921906,37.7479753250699],[-122.420439190721,37.7479800109713],[-122.420435726818,37.7479800827124],[-122.420278527931,37.7479835191821],[-122.420103398671,37.7479874201928],[-122.419174311597,37.7480062042815],[-122.418553599092,37.7480188058487],[-122.418329344563,37.748025197906],[-122.418164534251,37.7480271952906],[-122.418091760832,37.7480286805435],[-122.41586371884,37.7480742190505],[-122.415015884383,37.7480919795649],[-122.415005594181,37.7480923347184],[-122.414919611934,37.7480952988288],[-122.414817975644,37.7480962492193],[-122.414644253146,37.7480998035944],[-122.413818241463,37.7481167010802],[-122.413793194636,37.74811744193],[-122.41366831893,37.7481211390757],[-122.413543638159,37.7481226129618],[-122.413532419997,37.7481227464994],[-122.413508007381,37.7481233516806],[-122.413357007769,37.7481270978372],[-122.412704769787,37.7481399927404],[-122.412591008038,37.7481422408601],[-122.411626610885,37.748161750132],[-122.411574154662,37.7481634058557],[-122.411485544842,37.7481662016207],[-122.411270865456,37.7481696842516],[-122.410544776974,37.7481814582845],[-122.409748579477,37.7481981660999],[-122.4096465632,37.7482015741472],[-122.409540500013,37.7482022397037],[-122.408847370719,37.7482169785473],[-122.408773583102,37.7482193104807],[-122.408705243766,37.7482214690995],[-122.408582955209,37.7482230956993],[-122.408555813511,37.7482234565345],[-122.408415421205,37.74822642135],[-122.408270874191,37.7482294742431],[-122.408261656577,37.7482297874879],[-122.40803416452,37.7482375191631],[-122.407773461746,37.7482578850381],[-122.40775968698,37.7482638942202],[-122.407490213954,37.748381448926],[-122.407469081087,37.7483886791107],[-122.40694426823,37.7485682266956],[-122.406769880979,37.7486279055582],[-122.406707248641,37.7486503283588],[-122.406642813384,37.7486713760094],[-122.406429868644,37.7487443132606],[-122.406318284411,37.7487710368945],[-122.406224261343,37.7487923849678],[-122.406212753026,37.7487949974515],[-122.40618513073,37.7488012694011],[-122.405831162168,37.748873327884],[-122.405600937436,37.7489195548611],[-122.405578597233,37.7489165886529],[-122.405353250352,37.7488866715663],[-122.405201375781,37.7488458044896],[-122.404936652148,37.7487745699283],[-122.404511397777,37.7485859160613],[-122.404080165118,37.7482439992794],[-122.404080028574,37.7482438906027],[-122.403704672923,37.7493881879927],[-122.403701915095,37.7493965985882],[-122.403261552858,37.7507825751038],[-122.403188429994,37.7510127171601],[-122.403114095302,37.751276210241],[-122.402988332061,37.7518767449773],[-122.402897702828,37.7527938469744],[-122.403034478517,37.7543981786773],[-122.40304217618,37.7544884708151],[-122.403095958317,37.7550822883117],[-122.403189283393,37.756112701927],[-122.403295608888,37.7564877094402],[-122.403440141529,37.7567976280896],[-122.40346631664,37.7568537555933],[-122.403466430726,37.7568539999099],[-122.403692050695,37.7571862576942],[-122.403692840314,37.7571870410663],[-122.403738152235,37.7572320505056],[-122.404057635371,37.7575494012891],[-122.404153436204,37.7576202339435],[-122.405360307517,37.7585125403229],[-122.405476253969,37.7585982636558],[-122.405547936834,37.7586770410826],[-122.405842874403,37.7590011631265],[-122.406157316194,37.7594383253299],[-122.406163662791,37.7594606127578],[-122.406220422842,37.7596599259255],[-122.406273756719,37.759847207871],[-122.406391789957,37.7602771843451],[-122.406403696228,37.7606804389969],[-122.406253672186,37.7611911547113],[-122.406203997147,37.7613602578691],[-122.406302865727,37.7620641680779],[-122.406421369683,37.763346290709],[-122.40514705735,37.7634156271875],[-122.404493026331,37.7634529240573],[-122.404403104073,37.763458052118],[-122.401506317556,37.7636407354089],[-122.398600692515,37.7638306419532],[-122.398547682032,37.763834056382],[-122.39475040002,37.7640785874475],[-122.3937607108,37.7641374136888],[-122.392501169465,37.764214870725],[-122.390854682415,37.7643128283256],[-122.387930444282,37.7644813107774],[-122.386460824731,37.7645660123908],[-122.386460915461,37.7645617245128],[-122.386463931105,37.7644198338194],[-122.386496023419,37.764374061791],[-122.386613691941,37.7643306928851],[-122.386616908808,37.7642702973626],[-122.386578247115,37.764244516017],[-122.386577385631,37.7642105863775],[-122.386656776041,37.7641565146664],[-122.386731608399,37.7641100585976],[-122.386744705836,37.7640645910333],[-122.386736495234,37.7640191120787],[-122.386719047256,37.7639895717992],[-122.386657120994,37.763983019916],[-122.386618268858,37.7639496987591],[-122.38661237052,37.7639045350427],[-122.386789857857,37.7637847779501],[-122.38689697387,37.7637000903553],[-122.387000202872,37.7636494085629],[-122.387289018423,37.7636108406096],[-122.387258035528,37.7635132776377],[-122.386916983843,37.7635526814983],[-122.386910702822,37.7634924387349],[-122.386794911779,37.7634226343332],[-122.386748860544,37.7634799427761],[-122.386523368136,37.7633930370028],[-122.386613173613,37.7631879382627],[-122.386326045099,37.7631057902366],[-122.386231872911,37.763326043323],[-122.385524205283,37.7633335944602],[-122.385517160695,37.7632431909702],[-122.385289122462,37.7632430681122],[-122.385297221672,37.7633777209814],[-122.385188189553,37.7633842267579],[-122.385145884293,37.7626532348231],[-122.385118662645,37.7623293219478],[-122.384685633356,37.7621137281742],[-122.384311057442,37.7621423466895],[-122.384478167441,37.7640480487158],[-122.384316898288,37.7640581705352],[-122.384143164112,37.7622657183701],[-122.383692501791,37.76228610595],[-122.383436462173,37.7623109562348],[-122.38345966386,37.7624765308448],[-122.383634985359,37.7624586431121],[-122.38368495774,37.7625559035232],[-122.383756188752,37.7625547651239],[-122.383924656105,37.7641398701073],[-122.383844211972,37.7641524703471],[-122.383813360231,37.7642472508114],[-122.383590259139,37.764254588099],[-122.383540667644,37.7641724064601],[-122.383469435733,37.7641735448345],[-122.383473229319,37.764135769685],[-122.383311767926,37.7641383496702],[-122.383118585224,37.7623273498053],[-122.382307505338,37.7623780204307],[-122.38252571151,37.7646147995898],[-122.382354655212,37.7646137599328],[-122.382141585606,37.762391983786],[-122.381762068958,37.762413129792],[-122.381711863914,37.7647447111511],[-122.38164528348,37.7647420026504],[-122.381642062121,37.7648023977877],[-122.381509189613,37.7648082905825],[-122.381460293413,37.7649410736306],[-122.381184856472,37.7649454694286],[-122.381138584252,37.764806662927],[-122.380996022515,37.7648051666485]]]},"properties":{"streetteam":"Bayview/Ingleside"}}]}